CpG_0,CpG_1,CpG_2,CpG_3,CpG_4,CpG_5,CpG_6,CpG_7,CpG_8,CpG_9,CpG_10,CpG_11,CpG_12,CpG_13,CpG_14,CpG_15,CpG_16,CpG_17,CpG_18,CpG_19,CpG_20,CpG_21,CpG_22,CpG_23,CpG_24,CpG_25,CpG_26,CpG_27,CpG_28,CpG_29,CpG_30,CpG_31,CpG_32,CpG_33,CpG_34,CpG_35,CpG_36,CpG_37,CpG_38,CpG_39,CpG_40,CpG_41,CpG_42,CpG_43,CpG_44,CpG_45,CpG_46,CpG_47,CpG_48,CpG_49,CpG_50,CpG_51,CpG_52,CpG_53,CpG_54,CpG_55,CpG_56,CpG_57,CpG_58,CpG_59,CpG_60,CpG_61,CpG_62,CpG_63,CpG_64,CpG_65,CpG_66,CpG_67,CpG_68,CpG_69,CpG_70,CpG_71,CpG_72,CpG_73,CpG_74,CpG_75,CpG_76,CpG_77,CpG_78,CpG_79,CpG_80,CpG_81,CpG_82,CpG_83,CpG_84,CpG_85,CpG_86,CpG_87,CpG_88,CpG_89,CpG_90,CpG_91,CpG_92,CpG_93,CpG_94,CpG_95,CpG_96,CpG_97,CpG_98,CpG_99,CpG_100,CpG_101,CpG_102,CpG_103,CpG_104,CpG_105,CpG_106,CpG_107,CpG_108,CpG_109,CpG_110,CpG_111,CpG_112,CpG_113,CpG_114,CpG_115,CpG_116,CpG_117,CpG_118,CpG_119
-2.3435812509110723,0.05617649216407289,-1.0244760654900888,-0.6268922303594482,-0.8236317692395709,-0.3523258565961482,0.8544452606078807,-0.05448640273441829,-0.3701698072184512,-1.2471887230055745,-3.0439144448509357,-1.8555394092199096,-1.4230140509648992,0.39869841343330426,-1.238956978673693,-0.3864919891235211,-1.8685270986857307,-2.554175266563603,-2.3343482623789504,-2.094457564682332,1.8079665966191554,-1.141889815040395,0.5179860679203359,-1.2234303139030354,0.611069877058235,0.06444783028985412,-0.4771410334740994,-0.36126566195144305,-0.9752908312453994,0.1255690656660715,-1.2360916465537866,-2.006713929980255,-2.0590457405326257,-0.6085202484908872,0.7979830901974283,-0.6211165526395683,-0.8997464923228892,-0.4952820266104637,0.5248935754938182,-0.5617256648491502,-0.41092723083373717,1.1062887100598888,0.4287564384616135,1.535755991995992,0.18323443722190613,-1.2244690317205003,-1.368159199245665,1.6509279322312496,1.723665720783297,-0.17951921328260065,-0.38318732113598775,1.4614442922422022,-1.107045682043488,-0.8947270189558264,0.6433267946890444,-0.3946051228595896,-0.005121866720071296,-0.16344289852451258,0.33757454879893356,1.4074818613137168,0.09058490690174555,0.6439387932768579,-2.0501721010310225,-0.04871840193011795,-0.8432302702928711,-1.218813060423628,-0.8781523669287508,-0.33412344070081207,0.9159025423560131,-1.326392717739564,0.030631492594417446,-0.4841694333335785,-0.32767309436196085,1.0027578253046041,0.5381154370039261,1.3373981074427437,-0.15450567924990047,-0.695942611670703,-0.22385881688049952,0.2424967912712216,0.17657335845371103,-1.0843880722333665,0.09048978162787422,0.22822833013890514,2.5174740375339204,1.8768446112816701,-0.8532433505588201,-0.2873833615491761,-1.4634420018370031,-0.5907070139634865,0.3156050035903405,1.2058536208882336,-0.7290838377436085,-0.6541464400677965,-2.147289029738655,-0.16266592054490767,-1.062414411859563,-0.5294394273660737,-0.8768607781675882,-0.09426255425255699,-1.7577283913566313,-1.4670452453909906,2.129247112028298,-1.287422581274031,-1.0967855784546396,1.836913528321314,2.905067169240407,-1.1715666288253417,-0.36824895678803055,0.34155555094050954,1.7286976444055924,-0.9868570784282374,-0.24527784594210975,0.777337576061744,0.43476607446661863,-0.37615607123009925,-0.13382296451604114,-1.3748958083699818,-0.23817374397466523,-0.2663874900089551
-0.37335800858579593,-1.160855117031068,-0.13398937566691288,0.40718791960777667,-0.4500985705435858,-0.2537714898128484,-0.5523725506341846,-0.6054435051206377,-1.3270859317548993,-0.28903363653874387,1.4231456059337986,3.613600513277883,3.09378710682253,1.906278756903789,0.7573749946525205,0.40802073236387004,2.711575157436153,1.7831814294944266,2.0005756077388988,-0.22415378262690466,0.09275833466432892,-0.3802598086794889,-1.9451108313083298,-1.3062049543438008,-0.5709629425373323,-0.7822133485376082,-1.1268513326974068,-0.9381684149598127,-1.0866575251007373,-0.6821176347913833,1.2969052173554179,-2.7412451965690368,-0.41143702014742334,0.0019256657347078432,0.12140723404936038,-0.546501336959029,-1.9313085381163217,0.15340872807637052,1.5527634585264458,-1.7084481605538768,0.8638280136981883,-0.3285252231228939,-0.0613243458288473,-1.052898510703949,-0.33445617235587666,1.3000445946989585,0.582655241987707,1.732311605409944,1.1774118889776937,0.4390866789295762,1.743934526167792,0.43899315873829875,0.8279881767970589,-0.29657095353470836,0.06654581585920483,-0.6974238233002769,0.989583934594853,-1.1783036231148656,0.7823503424176613,-0.19065105750515945,1.1712470934673194,0.7508689887312598,1.8206461576468016,0.7307746911386448,-1.5720402556532407,-0.06695317289820084,-1.172007192594816,-0.5182798423662747,1.5112284332767216,0.637533810897696,-0.6989304285787463,-1.013717366440399,0.03278209287626079,-1.2165601493811278,-0.6711402773965811,0.31200947155124387,1.1553120361066962,0.6087614722244398,-2.2912895085981,0.3043667290302598,0.07203357323257792,0.41389028537269307,1.6162096816512073,-2.063238276804743,-0.5911034251911056,0.5909063227933546,-1.5815943994539423,1.475949048053509,0.3683566127006584,0.846583985843404,-0.5709436615217945,0.8137636899662105,1.0684715559890383,0.23287802013716835,0.23440089269869593,0.2703432392817259,-0.8633452647393817,-0.14752868024035293,-0.1525225324523588,0.3833938643534951,0.9998242469102946,-1.0585360819784093,-0.12500903031957764,1.4814555476589732,-0.7435882288125641,-0.8222500172903203,0.20230619183119358,0.8443851904853201,0.01142605556065933,1.3289605904369892,0.8567939825665268,0.8418200668900618,0.5541165013240933,2.327653100346085,-0.2051616888660442,-2.003522292066514,1.604254361517141,-0.45769943095682564,0.10788044434303304,1.309550684860527
-1.7312430860035666,-1.3806307590507807,-1.730261482063495,-0.9231198349700651,0.31065306107235235,0.3952042978681297,0.14729063438391252,-1.5417494288370077,-2.4390869815772853,-0.07462995955425897,-1.6227961354304954,-0.6916343300755478,-0.4490664755708894,-1.0127786697334775,-0.39088701641630574,-0.9218087276770911,-0.6209553961906928,-1.855693364662042,-1.3306315156236181,-0.9542440051352022,0.47948720500637765,-0.7347824426356133,0.1801259853210715,-0.6068800623264201,-0.45858343773917154,0.48847777161303185,-2.334101641465197,-1.637513598485802,-1.823226667853862,-2.674657390259346,-0.9144888183312179,0.5132095215516992,-0.5211084445586159,-0.038434296234189064,0.8529931185347515,1.0914617540916505,-0.30536231290218074,1.1173615113933562,-0.14409771974193197,-1.0736226020035033,-0.5944003521987352,-1.4805365125650163,-0.8881338537336524,-0.35801668807442916,0.8035850193786016,1.7207698311659838,-1.38218151537704,0.39282746825991893,-1.0405439391575344,0.47469708846320197,-0.1310866506877266,-1.8309058258475304,0.9282969915684843,-0.605000712808731,-0.5339002383735546,-1.06975241128969,-0.6542832766875555,0.4278904406949172,-0.18924434093640552,0.32866200228248105,0.3619218539288437,1.320661655528167,-0.3427861508643793,-1.4768578168457318,1.067222416571983,-0.3314881720972547,1.114592444577377,0.3833771131824704,-0.13113753020334493,0.3487758940462951,1.9510125601262995,2.076980529053753,0.0693811351327787,0.1601905933170753,1.0762401574663856,-0.8456610327673472,0.3330703726182551,-0.0258628479538564,0.3139082114575536,-0.8333688059494058,-1.589567493308969,-2.0729834359912918,-1.1173841129896078,-0.458675284939333,-0.2931915866487618,1.9372311624295169,1.1059933699072981,-0.9620911163416273,0.34770845245095694,-0.4070782363503251,-0.28436383804009513,0.18532564941538202,0.6191711169753933,-0.33925848388401536,1.0638515327343585,-1.141938226142404,0.006339062362268442,2.5976737265958323,0.2230797426252751,1.4332145066061728,0.09152017817320818,0.5807770953297967,-0.056783194392691534,-0.17040758116420443,-0.7794823967254196,0.4303013589575532,-0.8515371891857679,0.6655852363134291,1.08528700444591,0.36653140723722993,-0.28624873355569186,0.4539655793086961,-0.3086730555464126,0.9355471254651493,-1.8314060842151236,-0.3356073681186462,-1.9908119951239978,-1.495060830227205,1.3638622298139094,0.895184981971686
0.7920234035290928,0.009000180772986255,-1.453025201027768,0.9680081288812487,3.9319186490612856,1.9463879082775306,0.9519313507643937,1.9765838463141896,-0.04945471618055963,1.2141802741162477,0.4350752908635105,0.24949716602672348,1.1264039395378527,0.6802430440838243,1.003923835955769,-0.35277446438298743,1.2334132262583202,1.9645347654717633,-0.6345517018036406,-0.5520978378667878,-0.7635490856809009,-2.290677408696194,-0.6955120299345767,-2.5418691338933175,-0.6442878457304224,-1.9678476051956815,-1.8411045986784385,-0.5346154003312293,-2.461103899445305,-3.040455517926092,-0.16208131790098163,0.7388168407705114,-1.2792761820531418,0.9239537927784942,-0.2522884274903705,1.434295550860936,-2.107777414773099,-0.500082884976796,-1.3999852611067292,-0.5397465762365798,0.24766590110894313,-0.1792266254497549,-0.25337756894801494,-0.1591848713800608,0.20338824061994343,-1.0085360419431078,0.7068496408990508,0.6626659703854839,0.385037937656101,0.5565334427512632,0.2964180008086595,2.0350733027310675,-0.0870941710525099,-0.30708321833457675,-0.7535275803573779,-1.0322626705778368,-1.2444717876010754,-0.8887973132309185,-0.07068038165207131,0.3342951284977145,0.051142058552161786,-0.765535277429713,0.9001845640199633,0.7394126723009475,-0.159648307422017,-0.652916144664712,0.5484279208297995,0.18797358748610446,-1.4481272594150476,-0.0679802559844049,0.26203581207438104,-0.8996947864877538,0.189843392837443,-1.4548224852577891,1.3361861000121709,1.2479499850594318,-0.25251733430296475,0.36345433783907316,-2.409921965799875,-1.1563476602653329,-0.2937789201521298,-1.0721330214268592,0.7143964826306588,1.997296530747994,-1.176614719429302,-0.8374634040851927,0.23544836830993032,1.6111161484996208,-1.2223743125399031,0.24903612230694197,1.8212988508131087,-1.6517591481792673,-1.281069206845832,-0.42360660646083825,-0.520588412855411,0.8126012877536446,0.24165971982083806,-1.7749620596421283,0.5154104029008109,-0.5775388873556505,1.274447216941239,-0.6275875364369197,-0.6366152831022357,0.5411316108045314,0.7629264823369366,0.4480993639362036,-1.6855973173848082,0.5380344399282511,-1.034308051674399,0.2352761115882635,-1.4237344353990602,0.44632214754306365,-0.8065989043073726,-1.2826346502605217,0.7138201364823995,0.2416445216767513,-0.6139768013928971,1.4511788490210642,-0.44065242156974244,0.03210767397093466
1.3769611493175136,0.48838176751029894,1.579183995038842,0.5745953544741881,0.6964093794227033,2.4706903414422534,0.06746164912647945,-1.3047326292905777,2.718984696650807,3.6573756542459153,-0.09330131009113363,-1.624870085261987,0.0014839791622544563,0.025745005517529007,0.12204411433594117,-0.80142008656365,0.8915290978346756,0.8364753306442844,-1.1824376644611083,1.011164687053086,1.9560701206066855,0.0753454710978543,-0.4339400234077116,-0.23861807574672686,0.5186419056293556,-1.8272864668464237,0.06777584163809669,-0.48707881080201565,1.75121015161684,-0.2707875951441634,-0.027395541054346495,-2.7990238499558737,-1.108023985371074,-1.3758828883826375,-2.5643304000386484,-1.5178870375369258,-0.4827643153422658,-2.019074856460467,-3.3872458013436297,-1.7128459786513122,-0.9024230947925126,-0.3423409386638824,-0.08158776968512098,-1.7056522160155172,-1.615658339320678,0.48206683552552526,-0.5227186961696804,-2.564744341820567,0.7848440366081351,0.27236975527423984,-0.713874824036484,-1.3168302110582415,0.8358078963143372,0.3493506225604296,2.3826022826840734,0.42018859872493736,0.3877031412620148,-0.16692793010856513,0.816775867200791,0.6250852012481537,1.251725008565195,-0.5213229186372847,-0.4354074729439623,-0.4791031709119801,0.7908017211789892,1.498374440296732,-0.45884049314930064,-0.42477372779309125,0.3140772238697992,-0.24576150001290142,0.95205365313989,-2.2517772906190467,-0.8267050469168946,-0.7824163339614458,-2.320356012386145,-0.9636384443688041,-0.9151561158459262,-0.20110465451883033,1.1129658916602636,-0.24506065119070236,-1.0308137202711538,-0.056954541213528984,1.0491736214413494,-0.9759588161149049,-0.9105748839214486,0.5585489592742234,-0.22153611573080054,0.6474846907094743,-0.013646791795296761,0.701663648089567,-1.0350781140406409,-0.01208465078826744,-0.21069001436315682,-1.2158909241041307,-1.5634779478686884,0.6857490352746618,-0.3509523822179781,-1.0222802816473295,-0.09617893692333225,1.1280188573493026,-2.280737845371923,-1.4966386899033264,-0.9228864418952676,1.461178866720329,0.2825869829192965,0.7673172404612268,-1.1401609191262305,-1.1195358752705262,0.4478137167227104,0.05827433093544655,0.5487388188641266,-0.18767099092845213,0.278143726454627,0.15811908490510918,0.7777673890849254,0.8070082819444706,-1.6198719943917699,-2.2472685553408556,1.0017453976515072,1.1877250932619365
-0.7370398555169722,-1.5762522425492633,0.38261798500356625,1.2144213903468948,2.08117768643068,0.7998807360978164,-0.0881335325893296,-0.6095474575884974,0.29503445566701975,-0.01568153988889104,-0.7945584798655544,2.2692650767265485,2.0056778279353926,1.3565581094186903,-0.7003409719458659,1.0755287501605406,0.8601358353611636,0.6630550500673147,1.470174692907039,0.8558805687245391,0.6039188834002086,0.5008109304680832,0.20469605509797903,-1.9197064826183103,-0.05247427549356963,-0.6922873117532521,-1.4159363105441474,1.545721266396697,1.5928999879815766,1.223125247391485,0.9679412687994412,2.063352972896223,0.7247810325453922,0.915525128841346,-0.38074351851841637,1.1097191564424067,0.7731137803679837,-0.5899242648908979,0.6615307401269697,0.6329982880867581,1.79756116664464,0.8942133285134095,0.011445439091466015,0.248787309801083,0.044212378104198057,-0.20291398479554773,-1.0824271973882869,-0.15105187760692926,-0.7460982566525134,-1.2503155389231464,0.5112218145475347,0.39126465993323495,-1.786707511368078,-0.12268463749512722,0.9957013858999235,1.0592237388963208,1.0258368428852387,0.0389132069014598,-0.8450453279691511,-1.0836988273580606,0.3446049047503575,0.379280034365163,1.2873311116050654,1.0999796503420836,-0.1322286565311721,-1.2442058788608694,-0.31910659701089783,0.21723119481052466,-0.2020832453894041,-0.5778941080776558,0.2528848149698989,-0.5039577414106104,-0.628066083725374,0.31145283430343956,-0.4019925801292048,0.24410438897835213,0.2732040228521227,-1.1394290010915746,-0.4812411238654122,1.4377769399164624,-1.1620795127342871,-2.116654448970531,-1.8618451532425115,0.029109946576669203,0.03091727803269891,-0.11761085542512094,1.2141898289285016,-2.672834433102938,0.3959338744308236,1.5614382018035733,-1.127780764891714,-0.3798065117898951,-0.7528919172286209,-0.8943460460775288,-0.32626200502304,1.4274852836845047,1.8373866754875203,-0.3359392250401477,1.9050602140644701,0.035576476984624864,1.753691026701081,-0.09329864965349177,0.1310578260461443,0.36547447264283456,3.1788536793675353,0.8512855748447891,-0.7072645299514636,0.9689978702758579,-0.3618325370843415,-0.48975018290120914,0.9086013598921112,0.031085587771152785,0.2785759145118061,0.013985221865292462,0.3365831266054347,0.4249658974361492,-1.9369669327054153,0.6665726686095336,-0.9820194198303006,-1.4422991355594112
-0.07864665631064433,0.06374559086249237,-0.7137415770242427,0.8107964452160125,-1.3624105788228689,-0.4271791612245208,-0.6051095473849626,-0.06682268279130127,0.25862887219527686,-1.0281283620755066,0.32862117172694216,-0.3326591373945863,-2.2876077590411965,-2.354252946126317,-0.40798079865859727,-0.6166288235156401,-0.49908161930391953,-0.423643962259504,-0.17010166621910533,0.5519881041190137,-0.451310703679184,-0.5121773956624206,-0.43352966064900833,0.9487108644070811,1.9047415758848198,0.2284547589988637,-1.8419056469212802,-1.0441986653720012,-0.17324252555763742,0.10206530974315942,-0.9499809053444577,-0.5030111551088142,-0.8533386089121784,0.5077473324536759,-1.2176095837711,-1.4039102375652743,-0.06271673956926971,-2.0772343480158506,-0.15190057276972913,-0.43903909436346444,-0.1474424899181674,1.5882761071492624,-0.6222074452947179,2.0602981705240784,-0.2254314492280993,-1.2770164449702281,0.0699195809948253,-1.0762452003187681,-0.7517558478135002,0.39703330001549114,0.5555820886501248,-0.6221677002542582,0.9874051450464006,1.157507758021134,1.436301756563291,0.5294134071257222,1.3634287120856987,-1.8807984279740577,-0.31790654862846257,-0.8670052563234263,0.11922586112739209,-0.5714492191967373,-0.16615784194973238,1.8821748802040494,-0.1697197964203783,0.4137923171902139,-0.2322693299242352,0.07571328795683367,0.006016680436071459,0.4483240659731595,1.165307535547177,1.6473939976033294,0.30962008190916684,0.5895468860356021,-1.150864509185567,-0.08787674241562057,0.940289464883589,0.8659686384171532,0.21160973279505021,0.8863939595679524,0.49076670899381886,1.2003062582593216,0.2893591569571111,-0.35569831557103465,0.33584125693302364,-2.9305943758527757,0.38288573638504947,-3.6484128252147836,-1.723463407405418,0.45176860094098414,0.47752933726679525,-1.1624287801399305,-0.7121020418789388,1.370540988614132,-0.48403013157267616,2.242920312402985,-0.001919853176346149,0.4080361768812668,1.6168743984986076,0.13102711619341956,-1.0023439806908012,-0.10972745169429012,-0.03561073619009093,-1.3647416522015654,-0.25583207134082336,-0.7421920939974367,0.9243577571874341,0.03461187418525562,-0.28279574914757005,-0.10618193062257626,0.22312201840616613,0.6168141996897798,-0.9997122286693814,-1.0415876326212719,1.10467921540253,-0.4123368722047306,-1.416842092596874,0.44381270938310463,0.4633698060326869,-1.5307152572567064
0.9048426680179144,1.4109440449826818,1.0497474042605712,1.3073424363157033,-0.728908145536441,1.0064011075505037,0.3727411930838615,0.19257079382966324,1.5459165619740345,2.154635463228538,2.456172175512761,1.976609992418307,0.5520679392822182,1.0145222839387449,1.4286249926966454,0.7829800702118639,0.7925663088239463,1.485555252788584,0.6025194748864696,-0.06748481546125962,-1.923517008222562,-0.8751335646529613,-1.506050651186748,-1.168833965518366,-0.8389647001845139,-1.8838854052843133,-0.7527957787568976,-1.1302013389283092,-2.7438570292981823,-0.06673915120045937,0.4752258920647273,-0.6791247073635404,-0.06907307376465888,-0.04507452485667851,1.0281439544791768,0.7021201302754063,0.6391386681810506,1.5956726013041225,1.3158459970143472,1.2920185064659298,0.40982845732869266,0.6161346680022383,-2.107953341777443,-0.3644382522644612,-2.180210064489474,0.03605992679779541,-0.00463297222434532,1.0455322747896802,1.1876343927211208,0.20277504825236733,-0.5003610773968998,0.48516111254573785,-0.5279176373243135,-0.001392651443348899,0.9861363169607678,-0.5577713459894236,0.8056786392425009,0.6774013686923024,-0.9547918171308215,0.973894128217401,0.6985663453715051,0.10192588737265744,-0.7623234580276522,-0.85920601857557,-0.5376625769030224,0.54259446329196,-0.9556251674013979,0.4375122486198699,-1.2417555288783926,-0.20406858443884895,0.10964775457400863,2.4451301450589167,-1.3773156555203674,1.4720145664901334,0.14984241398728004,0.41117191801596314,0.11834791338820451,0.444726818195233,-0.15368510436201774,1.4540501814574582,-0.4564711442247224,1.1322345721792477,-0.6443671202130229,-0.06025184640128695,-1.0719625522902192,0.4550237203475199,1.4451259569265338,-0.07735617982085408,-0.19688569870390954,-1.1146169630679268,-0.2292926535523081,-1.5927942597215277,-0.9128779867188273,0.22678604610913541,1.3190131977413961,2.809210861229503,-0.5865850850709007,1.43530015664544,0.2437524804016479,-0.15124764674637586,0.4325944517261522,0.06191648367995918,0.11039572561221853,-0.4083331628266692,-1.3981096597988507,-1.5436252025220816,0.653244883281227,-0.2767000900857134,-0.5960888996561666,0.008505626723153567,0.7949322529156275,0.1803639430263982,-0.6560549366409674,1.2262929556489497,1.579185502981632,0.4945566553228533,0.9736635113440901,1.241959996813811,1.1300993164045137,0.6140991771126236
1.502323362360928,1.423636888632548,-0.1933613592609983,1.6046994721456311,-0.4518376558405087,0.10937686016099035,2.207541383094133,1.7441964779802428,2.391374604971908,0.632301931598753,-2.400542820431244,-1.4887311762248192,-1.1462626819139023,-1.169305262814467,-0.11461350039777485,-1.609564404157922,-0.8962595073515522,-2.2369211285890827,-0.7979767011106635,-1.2451854289688398,0.17967975040632078,0.6936637265159854,0.7453173421756166,0.6593379593537421,2.700834330958522,0.8310470863829587,0.6855969785135005,-1.1679578689193035,0.03528573671136093,0.6664196642344854,-1.0683846157895664,0.9991756537648734,-0.5474697150091421,0.9059123097053289,-0.3208273055625555,-0.3453041031913469,-0.4713283873254245,-0.3787356879914644,1.336263063436936,-2.702142666364142,-2.001545744438679,-0.5431708310561139,0.014527881937568883,0.6901044247640123,0.4730871980274752,-0.3842459128805702,1.0190436932417624,1.030195403152731,0.18405783127156553,0.9626575724868413,0.2726452634321288,-0.5614830267828836,0.6978168390000047,0.11061312257867771,0.001339846754486929,1.4729535721895743,-2.4508721285400865,-1.4176841701595697,-1.18707042637437,-0.3632606475688056,-0.2546081697660301,-1.5073256477730475,-0.9851580323108263,-0.8608416785235702,2.457424092075892,1.8017419477471466,-0.4117494176846493,-0.3635832903067989,-1.1492039971882941,-1.9081304132252668,-0.11688018640852403,-0.9978519832440257,-0.08485053166200977,-1.6002058490434774,-0.7619744583102578,0.14862709530283086,0.3662095977839374,0.41747195874201454,-1.3204889841570373,0.8546857301355617,-0.8002116966018503,0.6328579146073064,-0.010638676618193147,-1.3763874990779479,-0.31619770458118795,0.3653637420637676,0.612965380474599,-0.14098789744441861,1.5317788906010528,1.007510770986559,-0.25665411639975283,0.7501218121369445,1.9337934851881868,1.960484600783027,-1.2279998808224974,-0.9265331111571506,1.484918786733851,-1.0582810508376372,-1.322541133291679,-0.4861941306990469,0.42022670947458574,-0.10239670661109637,-0.6505636204055921,-0.674212461724509,-0.7123370644127087,-0.8795096286589426,2.2816328772760617,0.2975110711855549,0.8867590544047386,-0.4890774681189237,-0.18595667718604886,-0.713553981370355,-2.651708334919202,-1.3780092768478662,-1.8106186799803947,-2.2497837779516074,-1.1953589742981028,1.3249556793816308,-0.04443616770435442,1.290563762321174
-0.25287212886514815,0.11870411994913577,-1.5647517010705987,-0.13990375157335266,0.06485952830832242,-1.2405019979997163,-0.10431433514985711,-0.09766694719119051,-1.2134073268961063,-1.7866231380370183,-1.2367913628374105,0.03384251098232345,0.2743468378501765,-0.8451888613970528,-0.026077689613039697,0.517874005199347,0.5655276837261625,1.4992170891833503,1.224317801258905,-1.0539544636956824,2.3400656455361473,0.1255029314424101,1.7013522484525523,0.7244660620492137,0.24433005754115728,-1.1512174237768078,0.48491492578177664,-0.9029037993074841,1.6237786718408973,2.173272093137373,-0.8359858578838987,0.2628958739320627,-0.7644663905951838,-0.6675595987239981,0.7354198352781629,-0.07761313043062092,1.7005731733438032,-0.5213073472901294,0.9602614638872807,0.05833854437057358,0.7957780097442332,-0.4471576573299467,-0.04955883755158271,-0.11549887929893475,-0.8360571148457872,0.6620815345817527,0.6502490055783642,0.5935546949055667,1.5369656539176446,1.4493448012363035,-0.37494468984913537,0.37305231843417824,-0.6236006892582127,0.023355316114555456,-0.5997494491188647,1.620070309136051,0.3636981503429628,-0.21802912810442213,1.193618571856377,-2.1706154097954116,-2.0141025948652898,0.7958386552197739,0.06046844811736806,0.25044630026076065,-1.3263961033185487,-0.023233710850366202,2.003509410401342,0.8241996197958629,0.1697065451428121,-0.43905391010493766,-0.39457285186939384,-2.1291978892000176,0.2576404209211606,0.8454831084818539,-1.5756193271706151,-0.661416892306816,-1.157464632233422,-0.9653511948087635,0.05348162682190022,-2.0844021549884744,0.614270438357064,0.7538550699336822,-0.2511025880369125,-2.4807085099845416,-0.9964186260023896,1.2329019341026966,-2.7779942807285725,-0.34752341219351923,-1.180000778467259,0.8045703015848366,-0.6751139521434614,0.40395402073561154,0.5654604191690931,1.83622583973002,-0.20294194367537022,0.37604436962261134,-1.485055479127436,1.190413563293744,-0.7605088480713647,-0.5607541640877456,-0.022247794849210738,-1.5628843453398495,0.228770028928938,0.9674662729250108,0.2929338234972916,-1.588897564178725,-0.12380929432965958,0.7420289029794906,-1.8779887659659078,-1.074766013817714,0.87654360408152,0.27009543419728654,0.41197158212675383,1.8594948076233115,0.4685527785062026,0.6578880104331793,2.710745527218326,-0.2138045580904907,-0.7978827636184951,0.4277963982471327
0.3770399352831331,-0.5886664860519699,-1.0943481136606092,2.247893327984316,0.26489237628226114,-0.7942364755078374,0.8539792081738369,-0.17109624566709628,-0.31483254042359304,0.5003217778087315,-1.7429820094736568,-0.09847253732479444,1.4618550664897854,0.015077920955343938,-0.8273118450254313,-0.9582050216702088,-0.8614397145870762,-0.7050624192897479,-0.8289062740002389,0.4652116998325999,-0.731574252250053,1.8636349013710642,0.6219483258163689,1.3785826366543024,-0.12535305924193363,2.330265917808366,2.247269811130803,1.9612253767090038,-0.5131199248346092,1.830755922024983,1.9358839196904478,-0.0742424150778287,1.5067314482839234,1.8955633210880014,2.0871041058778896,1.7082901990035946,1.8222602489021187,3.0046402243078347,2.757062741965419,-1.3360261217280045,-0.317438554837682,-0.16465102754395128,-1.7520985727269711,0.09418305823231217,1.2487577724105066,-1.0865678595905903,0.3364009386898723,-0.9158234772964378,-0.6719120236796768,1.477393634170035,-0.542557820111825,0.46221248901062467,-1.871218116060987,1.8623175613948801,0.602652446306499,-0.18249984265026167,0.5755465099998948,-1.4098194289478103,1.1825307417526572,-0.3239847754964302,-0.2040695150484347,-0.49165561496548443,-0.5806514027455847,0.6946706116284086,0.25590685010422287,0.6517481414030399,-0.008794689485571452,0.513199811077181,-0.41884874392503835,2.2297318414095484,-1.5679304164304986,1.2609373235629844,1.3679074507209708,-0.8521588059655938,2.2292736105559734,0.9954902829453182,0.9711390068229115,0.028022187025876687,-0.21722615821867644,-0.20940882703960811,0.3905305963195172,1.4011862750338961,0.1813142178614196,-0.9114436231372903,0.8244270623849798,0.9211507463947922,0.6546595284477861,0.7454989065249826,-0.2709281301578081,-0.9289891671305796,-0.8681934306407798,-1.635463248457858,0.23694861154594976,-0.08344878322659362,-0.43998770452970876,-2.95561882434507,-1.247317469694169,1.1208406514031668,-0.664626000063131,0.3605916776568414,-1.3906854299752562,1.4387054823592311,-0.1440276600546764,0.2900403964835352,2.325779791881685,1.5164401005894037,-0.3065656212870578,-0.5932201848703592,-0.3255450115195318,0.5098982484765356,-0.10522413425087113,-0.39524414500347166,1.4671812507090423,-0.11420989177783689,2.2995890930373193,0.09074256375217302,1.7853183942247275,0.3573194227106268,0.9629605732494478,-0.7246110515177244
-2.311325806241876,-0.9978606286394767,-0.46901334118914906,-1.4173100816540014,-2.7439599187381614,-2.817824949943791,-2.8847029858407054,-3.225188696593845,-1.3480812242073767,-0.332522661946439,-0.5552541405784339,-2.8022531109914777,-0.732598813988174,-0.7046373502862323,1.554160396571814,-1.9989762665731816,-0.9325159562528209,1.164014326890939,-0.09186001230707713,0.021474719862799474,0.07240733622056827,0.2877664378539546,0.735432429475226,-0.8516634196960763,0.8358814781048899,-1.415180117688849,0.2861908720282282,0.13656386248301722,-0.6584701889954179,-0.06486237612895668,-0.8444107197004879,-1.2935718938966791,-0.5754853086485792,-1.3258592024065963,0.10092689705831334,-1.3719560611872983,0.49010645595611657,-1.4033496349637549,-0.7881654826159411,-0.8464739752501138,1.3251467288748389,0.33028994561659186,-0.21173380254439425,0.4987194410697233,-2.107192347329688,-0.043133589640907445,1.9975141778047627,0.13234650640267256,0.0679131691693355,0.5481283796421961,0.8956052433143455,-1.9974666928898597,-1.6823264817910268,0.21029129108614655,-0.7148765618975097,1.3120252622199142,-0.3151743898852239,-1.9345307357131178,-1.268013916843997,-2.7496760196305754,-0.23412553728291255,-0.18838412726438336,-0.42446270978189776,1.0788790390297387,1.1985198365166936,-0.1703884233561112,-2.134693667476856,0.6172815804922585,0.5553602285085755,0.309391570156945,0.9814797493081158,-1.16482809646104,2.008755386185139,-0.959427753141868,0.7492229272008546,-1.6873476944133516,-0.9302646872700508,1.5163686467253361,-0.2608998230008499,0.8399226051327979,0.2369553887192461,-0.10495815600017268,1.3638503249326897,-0.23665882465190033,-1.7807381075634705,-0.8032400919517051,0.5511917287016942,0.39550910636250813,-1.5670582502354382,-0.724342519408201,-0.5817213492022466,-0.365469594114225,-1.3759135886015514,-0.6283711081194786,-0.7286104852595274,0.7715332597619193,0.8091213109902438,-0.145810458088816,-0.3920397958707315,0.1399243120391134,-0.8165751074555749,-1.146832082167441,-0.9402212089257169,-0.6348131639714567,-1.163473799792271,0.16205955906287475,0.7297156737837084,-1.5870983007982418,0.02512871121603335,-0.21993579526633558,0.3415086855368029,-0.012938768103588062,-1.4535992799316308,-1.2623892988571654,0.029423575584972723,1.0287809197455093,-2.214187371043003,0.34572657980157995,1.1896220052876432,-0.1530258762062131
1.4486841842351568,0.1954126073109138,0.7791154889318391,-0.7224318300994356,-1.4458616202101577,1.8412474894339912,-0.08651323951572587,0.44295384320528547,-0.4879605650614772,-0.5114880148751598,0.16916052986822028,-0.38657896417280985,0.720969227957535,0.7955366489424285,0.6638478762874438,0.5815990208912803,1.9207664348947229,-0.7245955390820493,0.28806336375991887,1.4756880504824255,2.075657276620241,-0.6106461820623685,0.4987620256263344,2.169238563149465,1.3191965724812698,1.006380498761977,0.5934327738475476,0.4273165415744589,1.0993365303725287,0.558743342297721,0.9485012866943229,1.0696786138538044,0.3130083792452679,1.5232092816202054,3.905324556154187,-0.7859067315873081,1.315092431928747,0.2308898191198615,1.568482485258017,1.037637381066628,0.7618547740424635,1.1755065765087795,0.19242111776818133,1.1320522884141782,-2.3442978937886774,1.5904522979160232,0.3750621518923401,1.0778433557451819,-1.2198757448415216,-0.8307698816053357,0.14593829414477413,-0.017037889337463016,0.2830685880099896,1.0845151609299661,-1.7652203153028492,0.9738190717173091,0.008281909957927018,-0.20378186112454774,-1.4711152343848903,0.503048668376865,-2.414107851031037,0.6483940112387127,-1.492105835472992,0.053457912617474034,-0.11916883732792043,1.1695381472938837,-0.17865516901389017,-0.6941385611456656,-0.506602695971203,1.2728827687546636,0.5362969691808936,-0.3856299815231613,-0.23644641996451343,-1.567177090585447,0.388474200851541,-1.7598157076954657,0.7517964658354561,0.12862159249126584,2.3869517995739225,-1.1001355537243058,-0.10266209104063294,1.7982877009230627,1.1913896402914144,-0.6962120515798997,0.22396742837344774,0.001999356415087233,0.2819558673941572,-0.6986804359848298,-0.08932040270073452,-1.5980523752767137,0.13512345186808206,0.45002067342183205,-0.227419412643884,-1.6150508905847878,0.9885318628514624,0.3645250379928023,-0.7260150977009768,-0.28060044683806395,-1.5006694027818388,-1.0254101277779044,-0.5378113463571395,1.2284208122801512,-0.6395033908874757,0.6402136593287587,-0.5383162028615798,0.24794756085187486,-0.14139550214380217,0.8730566000927434,-0.5348113382185579,-1.572528250002441,-1.3819490313636327,-0.5318774939427574,-1.2490599706780527,0.4102120156795513,-0.4657681648580778,2.3746065500264315,-1.737714595137132,0.20363317870980122,-1.127953023505669,-0.4934013403826786
1.7934388795012288,-0.6733519687136023,1.888845522948712,3.554926868434852,1.1985811077920916,1.911827262966194,2.6769410992860836,1.488065906133688,1.0710592176292013,-0.6237169975610677,1.5029735535707198,0.7488144244468493,-0.15070101721241524,0.9885795444534401,0.27830247736956515,0.3335567030602209,1.4682739902844548,-0.476399577148098,1.909298120249505,-0.5357033289426572,-1.839696636280788,0.745950966141053,-0.049640466283102036,-1.079391235430084,-2.1175254434267408,-1.7062675346254175,-1.1037199133398279,-1.1394719955859258,-1.2678661575514871,-1.2078277420097085,-0.183139041253466,-1.4107426671883647,-0.48527467370918476,0.9458601224384946,-1.3370982290994693,-0.15831944308763043,-0.7885178603191959,0.1425864978497594,-0.3573971126151701,1.5086297334263172,0.5065831541902538,-1.3118031657772113,0.6712280116136986,-0.774651856262063,-0.5769963713775336,0.3138190201071218,-0.49174741973013475,0.8928558163229553,-0.7745100615133954,-0.6189465525913632,-0.6563708935481088,-0.5656387483550389,1.099191555547813,0.6287962936103031,1.709943954012071,2.2676442038992546,-1.0307170319323398,0.07041912732728889,-1.176200316643433,-0.7776059277482671,-0.6300825102556694,-1.0571548741382744,-1.0518872728984137,-0.14428437852025486,-1.216718418386407,0.8421269591376328,-0.9177535374175142,2.809568970096392,-0.45138445096439517,0.07201764191705222,-1.2953411844660352,1.7060917581276394,1.1195006808029162,0.29691587073611253,-1.3468025487795656,0.21066687772462028,-1.121431046017255,1.4623552634733608,0.8091947318531727,0.09543903848773612,-2.4363756632473224,-0.9834159786590306,0.6877611315998724,1.2128836917231558,1.1091698114921316,-1.5920130022414554,0.30155230681290407,1.0155152164829295,-1.6583355655822452,-0.007904515373236347,0.27384239830845625,-0.3007645848467349,-1.8521618554012016,-0.3256981100737287,-0.327305430255024,-0.1480724045477542,-0.5634714254250696,-0.4430121532414673,-0.0397062823469779,0.4424546049697111,-0.3044267628566672,-0.4096489283680019,0.09235403825445808,-1.9209159258951816,0.4770351272264581,-0.0005630971229588082,0.039693526597561826,0.960734307594464,-1.9528155300482481,-1.9738338698589637,0.27380384532351953,-0.007116855128515773,0.17017694319193222,-0.46212707517244556,0.6643536742399312,0.93263884299112,0.48398229395152703,-0.26082845840458313,-2.107689387614403,0.7692362080371281
1.2857947659160611,0.7086245116824484,-0.8155763276690381,0.7378604933662263,0.9245958076599139,1.622882347497554,-0.8120438245294892,-0.16238848484567006,0.8113381508419236,0.1214761711366262,-1.3919322115207677,0.1400116755572101,0.3040570243456738,-0.1866417131384909,-0.05501968228954873,-0.533310511155223,1.2036743262465663,-1.1752967931821694,-0.8619253722332718,-0.26361909594196725,1.449392079864519,-0.9269351179309103,-0.7398586976018128,-1.4672904555710913,0.6031332774168972,-0.5478677650429175,0.1858879421457097,1.2318162420553345,-0.07110466861922016,0.801720074906991,0.03299715648306967,1.0044493793312286,0.8074631315828005,-0.3595986319398183,0.16368331083433907,1.3760784619552862,0.7257119344888887,-1.0646269935163397,0.9879531254061744,-0.7522755582014464,1.412513069961006,1.024098839841025,0.2898854759184008,0.1572328434361934,-0.20903225602742,0.6785239514000281,-0.37077816946206166,0.23556987063989387,0.8719343665194511,-0.5618065435255897,-0.6161927399906946,-1.194365480724459,-1.0644727461261723,-1.8283953114415024,0.7298287890155296,1.8089145420827708,1.4253289434703056,-1.6260844886265164,0.7248546715562,1.4221063499235564,-0.456809980738664,0.10144743065004946,-2.0078930508046704,0.2667361679766415,-1.0635597294347174,0.19963501791151453,-1.5612029221888803,0.5428582244775959,1.0245126754266898,-0.7831798617151676,-1.1369225814104345,-2.156023042549981,-0.26641353407517704,-0.5815939342816051,-1.5510194123480547,0.45301875631217164,-0.44997038186464916,-1.0757359586452324,-0.5545724056404471,1.0713045389296156,0.6029369437552222,-0.13002606149848983,0.6191050184648526,-1.160911956386739,0.03237010072703053,0.14732233048647056,-0.4698365084987269,0.43545833595741784,-0.7804334546444512,0.5098207077761179,0.5518587715312919,-2.917159880697066,1.1903057035101177,-3.047632565352754,-0.6160490255561253,1.025348034257755,-0.31728672525244067,-1.466185982469542,-1.0937370617166706,1.0269057463206197,-1.9215045305486382,1.1289911009620173,-0.05510209904228934,-1.1923953304424335,-0.5831150723026911,-1.0172243411016413,0.8662252008585286,0.7324278097628383,-1.7191611338760466,-0.4035921185193341,-0.8631856623442771,1.2935099684593703,-1.350099118126421,1.604229104685014,-0.033294739516937566,-1.1619344063800876,-0.6772741840092779,-0.8016188407684506,-1.274618402015506,0.09482685973037566
-2.9279236506142565,-3.8803743086606017,-2.079684570770586,-3.502864296340296,-2.4521689679899334,-2.609110988525769,-2.571224171948227,0.3009550016677405,-1.6435965327528423,-1.454637090927081,-1.1518534244016725,-0.029418261696299908,0.839847501882134,-0.3999840409723844,1.5326077154586075,-0.5781517139604081,0.3381787360754464,0.03849323196506338,0.788865531322538,-0.01594519991480392,-0.8878238367508936,-0.8530603014579419,-1.3513179670712572,-0.1318363411828436,-0.378541834842531,-0.7055441549331236,-1.0473885431419143,0.17961382084004074,-0.8527644534941377,-0.9236274975058935,0.1606569014172256,1.7525535544999502,-1.2843893364921044,0.8258237645844543,-1.8372042897090055,0.27324002975772355,1.6310496991378303,0.5446353959964068,0.2265919500688924,-0.5044825972739759,0.03104720048855424,-0.2520628154033563,-0.7859766079313554,-0.28987561547486984,0.19838116062643954,-0.7672170685306403,-0.8062818206846841,-1.3602434375921744,0.3907250260888961,0.5453232619670604,0.23166044423651747,0.9651704927286658,0.08786763708072752,0.3920109373657567,0.30383742563756283,-0.09154001941820787,-0.5308218281296473,2.214152615791911,-0.4519509798535085,-0.6658777111204364,0.43400982345010697,0.25185441529500513,-1.4047915476103274,1.1226782545637386,-0.09419457535083331,-1.1109310952157205,1.188784114353874,0.625675571596154,-1.2645419919479142,1.7771828402577243,0.6587973683661927,-0.010196115625046132,1.5902188056217794,0.15929778382964058,-0.02808307510403198,-0.660300116021989,0.5818504393070786,0.4766029673239799,0.014680139889711287,-0.789986353867603,0.12992985416607386,-0.06979878576213788,-1.333474318734201,-1.4718123513241856,0.5651533788097695,-2.601888315051689,0.20541052696125997,-0.4780830577538245,1.3082466068799101,-0.49346820915387574,0.659484214251896,-0.3969138412377916,0.11374815348614345,0.7368365309200512,-0.46255571632458015,0.996554884498404,-0.9936978771064832,0.2945928425583791,0.9226397227878528,0.6600374917903349,1.9164448767354103,-0.7634393173106605,-1.379149251348588,-0.9943351084951194,0.660442566548437,0.4979229342693786,0.10225665964741577,-1.12295704910713,0.7668672933290608,-1.2247047776505404,1.1589495823768998,2.857438423139865,0.3664511465715505,0.5831081356577431,-0.4928597688955594,-1.8102133210868163,-0.6027193630302223,-1.0928952410987494,-1.4470045764150157,1.7223599419956492
0.7599749312873979,0.8667999938756086,0.17809004806537537,0.31424133081818856,1.4516630955009582,0.45477529456640947,1.0178063512863575,0.2911081154166091,0.14495952252957772,-0.9198017523402371,-1.9379565300114494,-0.22176936871072303,0.09628922434891148,-1.2463375043531122,0.005317667321045903,0.0935450953461808,-2.1162154737037002,-0.8753321271238224,0.44705642609114726,0.42685126175142263,-2.4747963823381096,-1.162673415438614,-0.2987142405778769,-0.5440485069474508,-1.4164072529522835,-1.7890977792626415,-1.9504659502728534,-0.8533016830286919,-1.126017492795461,-0.6917174598361486,0.8101551141612513,1.4970452513875412,0.7728738339977995,1.4629700171717857,1.5491040714067381,-0.1262453291847142,-1.1298627458306467,2.2217741570546528,0.9349400317523611,-1.0362045944560223,-0.7138194972187111,0.7718742923698284,-0.279676831132893,-0.5120614193191271,1.4008818603129667,-1.0472871463838105,-0.7981533577548339,0.21138647504826755,0.39045493205388226,0.4963430343407315,0.9112380445689469,0.19857862068151685,0.48938393893840915,-0.2592092593150832,0.06269830323671424,0.10753418005363442,0.21509813581903608,0.7725398075827608,0.555145681944831,0.0442170029001831,-0.8091259849410398,0.06767125806270954,-0.028017784895743934,0.19318157981319836,2.206525307140402,-0.5237727785412354,0.42228901912535954,1.0684620672442982,0.09800191409938289,2.337845119172165,-0.3780392917314767,0.32408922232004705,-0.798805744892982,-0.35152473514329313,0.2489339103966579,0.8463040623077297,0.3190948340235742,1.259114849334736,-0.09496531059267174,-0.33216852983900536,2.7039851072793866,0.39423764944203077,-0.7194815459785476,-0.6942637622480688,-0.9426799145313405,0.9365693558567879,-0.36437729289324183,0.12736247565648562,-0.06350867443826871,0.7314924079409346,-0.8467440928840201,-1.0755722861430155,0.22429730718159427,0.600959284699897,0.33253231309764075,-0.8094537290973276,0.6774848420913938,-0.7438609270956342,-0.5215386447863833,-0.9439535247220022,1.3011583486520308,0.6334215410273492,0.6049933756788733,1.2472114211424503,2.8126492482387233,-1.7092261039101555,-0.7383765808771081,-0.6161750841745238,-0.8508196223826928,-1.0775832476037126,-0.2996530640553656,-1.216603715289405,0.3350423675374132,0.051698321428614635,0.4810286647636553,0.5077284516382525,0.6030068534266765,-0.3734089368238823,2.1211434026336673,0.23443111648209775
-2.5857560855440593,-1.7256470786854816,-2.46377432194708,-0.7059367037679569,-0.8450765569725979,-1.191697030818722,1.28765477948125,-0.17428845884235344,0.0028270285270701745,-1.6543448208613674,-1.7133306587214192,-0.6773802682934521,-0.541178627738181,-2.570497334504864,-0.8944927902399409,-0.700113684516902,-0.9293349331615358,-1.5275761797370833,-1.2537209493115469,-0.8910449609632028,-0.8085123909214408,-0.2945208319809206,0.18154379041938262,-1.1936601380587384,-1.3554686106468465,-0.46165674099718235,-0.2884674981206343,-1.3335128477903742,-0.10891893756531634,0.08027292662448449,0.743261175376232,1.2298956164373815,-1.4148414289418798,-0.5345270809499298,-0.5371475936637808,-0.6464988588149486,-1.1976882098925772,-2.0339872935135124,-0.4557458442534372,-1.3167809498303535,0.085993480747625,-0.7940435416988534,-1.0996583458443414,0.2342983603768977,0.15092152680649595,0.579281971320933,2.1858637664176253,0.2772895312108468,0.4850817670641296,-1.0775613288673254,-1.2869074405363745,1.5828294467733337,-0.9234797799333037,-1.043944071468642,-0.03909892121655298,-0.09019241337738836,-0.9025065064432917,-0.3049732187131,1.2293757176501043,-0.8059936088317976,-1.3936724843661716,0.9425936208997923,0.4922969119380367,-0.6205186206486616,-1.582167016126918,-0.7446233564385631,-0.05470443684927131,1.165672089883819,-1.036581974869657,-0.08451988151147344,0.675144659894898,-2.3812673401219207,1.0337861679388998,-1.1824505722064373,0.3319954934569346,0.24668314961074406,1.084586391463845,0.5509243808935403,-2.377290491729981,-0.7847792471559913,0.13820512935328008,-0.19497988611978695,0.47761072975677044,0.7893665556697054,0.6084517364296791,-0.21427494255446522,-1.8463370111204804,-0.4554812488548173,0.4163681481389552,-1.0904472525504776,0.6312747301215763,0.9083932972673044,0.12686697629584257,-3.063779866312396,-1.2780883627118034,1.8861891585560817,-0.546537793028378,-1.984143223128996,1.2352473883102724,0.013355591543672855,1.1049404889577255,0.2769586752193653,0.4585591362121688,0.3630092477145166,0.697488311921,2.2774304485560983,0.9710063359591881,-1.580339317845535,0.4466615152789034,1.1414807681032177,1.202700806536146,-0.42660498305909955,1.1649444451881277,0.9277423995512052,2.57251743696973,-0.7500017362485115,-0.5074005764004252,-0.3061190484599539,-0.4902221500387753,-0.890020749763603
-3.293355059005311,-0.9653790270547021,-0.1613214936316636,-1.0239013988374788,1.4047016301975417,-0.5173037406157055,0.7603495018525674,-0.26925914060159967,0.2957277565616899,-0.25143799939800576,1.1624229573107117,-0.15042232446045034,0.2897590334959347,0.15997125905719264,-0.4946471327201699,0.19862064433182572,2.028024571604831,-0.4767586166882931,0.21310321826039721,1.0514172762765917,1.1446781918476967,0.01614132862278171,-2.3789637920539453,0.5211277295518827,-2.2150493477196362,1.4743621418446475,0.17389878209667703,1.0040989307754056,-0.8976862272776347,-1.5480825623966379,-0.5264844342741812,-0.8208422583714904,-1.2787796445725141,-0.7025775376825846,1.9801970736169117,0.047286728953709334,0.2622597874479705,0.05669807313800723,0.6922233254368445,-0.9773104913160933,-2.0547613076752937,-0.1885861330060098,0.8117357099965018,-0.9698003951150737,-0.17636595048933035,-0.6917697430023131,1.5020292518431304,0.7494570154065637,0.651540620643959,0.6216013131209713,-0.037249252552126945,0.1975562825275035,-1.1851845805323176,-2.1864419787505676,0.15008113034502407,0.3239902562721444,1.2092645684253776,1.5713358160823676,1.5699984849989468,-0.9980235932938778,-0.3522650349497693,0.48033429588137955,2.5319046777421774,1.480099203713916,1.1193971619983802,-0.3877879555492906,-0.8831996311551246,0.7889078833832395,-1.10066126423436,-0.23843635098030264,-0.11477794900192263,1.592912089122808,-0.35469730295967755,-2.4392496385726155,0.5044446476624683,-0.6990218531039264,0.042631024437746814,-0.08670470084212364,-0.2737039958177683,0.7903405817847039,-1.5328648783527072,-0.5170142249543602,0.6840379131173813,-0.6140847753443682,-1.6088067092699718,0.6685553432567358,1.123094630441539,-0.04499520764300634,-1.9608455984695325,0.7059697466988162,-1.659887881419688,0.3087992768481657,-0.8874638247421598,-1.1598392857669653,-0.4419100170796902,-0.18329755642725984,-0.6442082503864482,0.5887032782151507,-0.44606937845883377,0.980190871671822,0.28117316564347944,-0.697557206596308,-0.8659398838322859,-1.6474962990474387,0.2907331778668224,-0.3545875472513581,-2.3721955280635143,-0.5357148727694001,-0.901034029254952,1.5756775921706603,-1.7027786118933097,-1.4413507997340538,1.1099696431056998,1.3567631574639631,-0.7449829387256415,-0.6320858228089109,0.6162353965533128,-2.32709979694531,-1.8611936845055561,-0.28073340085071186
2.051151677961929,0.0655310236660635,0.6021979035679577,1.635050384396815,2.608145845110949,-0.07558736131550947,0.48442438809937705,2.3233163331756455,-1.0209381633586254,1.528842182386625,-1.2579042449945503,-0.13711634553013524,-0.48220776003356625,-1.1976003133345212,-1.222690640291567,0.03682565162046253,0.7559506155293901,-0.36932491582179516,-0.16947555390007557,0.3315853536577552,-1.6310581395870427,0.08025314183884025,0.1599037304856642,1.9441869321763272,-1.035543557133665,-1.1175211682422104,0.10952650499966277,0.15966480233805558,-1.1945265199507946,-1.0626020435041317,0.03026988591642299,-1.3384451930362788,-0.9213949403166324,-0.4212681849331828,0.4850777325206407,-1.1154595684811581,-2.3532454143322896,-2.4274584198198284,-1.7702740190077508,-1.8240286705015547,-0.15461075861990903,-1.188880153597605,-0.7027549598212041,-0.7740858849820498,-0.4405078608479934,1.3225043315231224,0.6619475894305167,0.016129415276003874,-0.4610262805808381,-0.4332326566230212,0.3277464699519495,0.5841690733522902,-0.9076175061006004,0.03648075561423148,-2.031619568663027,0.21171378417059702,0.762149241958686,-0.2800686268808754,1.8165269961401054,-0.8812384474360504,0.21744041530326128,-0.035824746665955476,-0.10029766744340833,-0.11432216800474763,0.10710503000947168,0.8479587434636998,1.3777362362747443,-0.0022502445041573905,0.8153160721716332,-0.7017669462667825,0.765955452726233,-0.7619915238269903,1.0906599360881322,2.2106408773932396,-0.12208388797139179,-2.1925434908074086,-0.548072933244823,1.2318751342893033,0.5530767870252449,0.24891359867502955,1.008668355954839,0.484453439248422,1.2177251874511363,0.9194236766469855,1.5217004527369589,0.35879608390625434,0.9052594014939547,-0.3071270730857854,-0.6014608115590059,1.7067676404189733,0.21620467632268803,0.804880565862379,0.12374001441139017,-0.5865156509199643,0.010982892582401323,1.4359940177677142,0.555240074279424,-1.711473159730459,-0.2152444565761547,1.782293792704712,-0.21379686184995605,-1.8004786917341806,1.8930488854225436,0.6823925098127926,-0.0700128588128004,-0.37141773608206863,1.0823519297917354,-0.5419834002261925,1.1482564245159883,0.542195285724256,0.24468192548734993,0.14551480533559535,-0.17496803671417813,1.0456401202092658,-0.8653428321018342,-1.6219251268302093,0.6144401228924746,0.6312383280671477,0.4802411525117667,0.4077283696180388
-0.11689707792736831,0.9911260047957048,0.15808517365563865,-0.28347026040499856,-0.10824801184522037,2.2242829991860114,-1.5313327816352533,0.7034314047059784,-1.4754671272135376,0.0954099620872063,-0.990955415158545,-2.6423562266842353,-0.1682903395705943,-0.9373659921965531,-2.6565342725656014,0.2822401607698948,0.8776782479845776,0.9327964122922147,-0.19837148935288618,-0.5112697914272418,1.6290154462524369,1.9832424106967383,1.434427528232265,-0.6406787768731611,0.5022036785715619,0.7403749696480686,-1.5087581435605892,0.7702194849774141,2.573850651336029,0.9407949911574314,1.5531813825010292,0.2626830311879779,0.006549977075451366,0.46103969114024834,-0.7360583469251598,-0.8840068861751158,1.3460728582286385,1.4521106439257911,-0.9113380145280776,1.0477671056131372,-0.08695997560602091,0.33980857449043056,0.4602186394350634,0.9943504681243184,0.08271820186318887,1.410161995301936,0.30941283975992473,0.6241842724695326,-0.8332625915372465,2.158659010704834,0.4698249232049664,0.7129974253450992,-1.6081858112115415,-0.822702023079101,1.2378836879187305,0.2868911182926047,-1.913779734828926,1.038289928983819,-0.5437828043527234,1.411316985876712,-0.08783567860369966,0.20470668602052994,1.1789545785916484,-0.8974929708546623,-0.9928468078339396,-0.19649842039810733,0.8271727996212221,-1.3308772526134907,-1.6680345998890966,0.8237209270437923,-0.6029783125670037,-0.3922260129202831,-1.8568104019401659,-0.6789793143519821,-0.007567296631150636,0.9303778576228922,-0.7712301662346388,1.6573761202324966,-0.6845560241798007,-0.6830918015851747,1.5373575518978022,0.21146015236391716,-0.5520247290115766,-0.15513313118059344,1.3530735775420593,1.4662028196256818,-0.816793179270256,-0.042433810079108215,0.09015682766757308,-0.9862401105165975,-0.05568505264999431,0.005322860451700487,1.1402094789367356,1.207425028311201,-0.32920939835900803,-0.21395314386081168,0.6642923020556356,-0.5851884489270115,0.5886401517374027,-0.08790648736921473,-0.9693985777386207,-0.9568367128796466,1.447058696031102,-0.1564214791432986,1.640354093898311,-0.5136362607149101,0.2912052011314934,2.3926767230182415,-1.0573867446632792,-1.8978144998997766,1.2865901312872332,-0.8268091053930736,-0.020706364106233777,-0.5859182104515849,0.2681627809553161,-0.9505362071857422,-0.1799400878833061,0.4498153265565342,-1.008308886274262,-0.7000840296458889
-0.7378698538694132,-1.8193024544971597,-0.8130480030696278,-0.27169048036797955,-0.7900359618593098,-0.661863513202606,-0.41038869117746674,-1.0462304827031954,0.3005755455959958,1.0454911045308943,-0.12159404927078143,0.8279845744023742,0.1031691874900201,0.7082736879631717,1.9085658741279214,0.8514458859427658,-1.4306281958850136,0.796781974371626,1.5756500862336762,0.12119017292656434,-0.4509552378853816,-2.13670558515516,-2.932129203525488,-1.3054210251705738,-3.2030667647495283,-1.6863610568968057,-0.15974778135771106,-3.356352949749495,-2.726086839917112,-2.4786222891647913,-0.23997488815122353,-0.5423718140864728,1.2224813532558239,0.7776933006514338,0.31861791762833436,-0.031024714096378747,0.21657474854456374,-1.0386373837536385,0.6805553251163486,-1.2886992827994646,0.8353769939022309,1.186142502118831,0.2108646020880872,-0.17621305896197587,0.4003099083096733,-2.861518370100673,0.30225821848546125,-0.11335399783980703,-0.05062811305699102,0.7065325128978275,-0.07476892156472781,-1.140206856651158,-0.14140267082537805,0.06755548408082447,0.11493391158101274,0.16191936728506806,1.0393690449185533,-1.0860345530341475,0.17570045616484992,1.289929698618241,-1.7346114969371953,0.17964668078005355,-0.5853785019730434,-0.37071038447310495,-0.904807503214422,-0.16955071570044408,1.8412556144269043,-1.2644303611772136,-1.1696100024788274,-1.3019345701635046,1.727418286628101,-0.46233970552128695,-0.025639060347674214,-0.4027829411062397,-0.9444228784030915,-0.2351506466144354,2.45824360573656,1.392070920974255,-0.8529378177922723,0.6475741030616857,-0.8315227726663764,-1.7763676388462208,1.0195109176646295,1.1600928466435507,1.0460522510478993,-0.46986524921957273,-0.16677573400198623,0.7497655536581233,0.3914960373481072,-0.3936374712970443,-1.6190718201181646,0.11387519414201226,1.0790096392361133,-1.1975882890341571,0.638759381675977,0.33154169513369264,0.7501482632323336,0.8719754997190072,-0.694465241925353,-1.616959400164946,-0.5335195256828793,0.8891273175270074,-0.542003903525971,-0.6940433238576419,-1.8213503419246384,1.752647554550939,0.8257136414253099,0.7698959812747644,0.9677253867794737,0.5767083615434017,-0.24432885517952907,-0.16376410412220166,-0.4275643645921248,2.634740754415,0.5559120312994426,-0.46380044135143456,0.4654967741662798,-1.0108689178563175,1.504506718589227,-0.6610690958071401
-0.0185990734588658,0.5462931236618029,-0.13491596187633875,-0.4252145142616933,-0.5088824212253164,-0.5761256029684387,-1.0963829950088337,-0.9691679358510358,0.9599058675696035,-0.6282211387664882,-0.5980793192189657,-0.32858064669770115,1.2880876308610305,0.8633235833282858,0.7480461283960643,-0.06980424874598407,0.7610794203367525,-0.4558441747868406,-0.07189708118196714,1.1575214375555527,-0.827400355973625,-2.6835878808434925,-2.557204487801265,-1.5929758820792799,0.024454339776820433,-3.617243199361684,-1.4233450953221851,-3.0777213664658376,-2.336009028418235,-2.066106452956931,0.1477115577400503,0.03442396151773275,0.5754269615533114,0.03296433454636283,-0.8942374836772115,1.3480895136997177,1.3210920683258216,1.4113942111996103,-0.9725145950871407,0.867138053761092,0.6759788558069234,-1.031202068439585,0.009173248182129144,-0.11626664531036575,1.8421506585682637,1.924496037012573,-1.6643563933302008,2.4939270057279894,-0.9152257211533239,0.9806732943274258,0.9704979808637308,-0.9956902268418067,0.493267793839099,-0.10753374426606396,0.5543300046323907,0.2306723023806257,1.196339485370247,0.07539954314606226,-0.16787406942631122,1.0960642330571804,0.5803959648586033,0.7318133943208879,-0.6645866722585968,-1.045262781398474,-0.5677221432527015,-0.6208213856805886,0.7861992686529143,0.9759840502940518,-0.15513028953240038,1.4309190188243524,1.3684693937651298,0.24339891640053923,-0.82189177154304,1.5753766494355401,-0.06101735102840823,0.1261651964309746,-0.33960502560656863,-0.8897903262971976,-1.4686394303152919,0.6328683235572881,-0.7834010538966204,3.0595312289968235,-1.086073582612479,-1.25738247498137,0.5101387156134412,1.5293134789672953,0.06458965694322165,0.5722424201872743,-1.8435474174587096,-0.6775115456917667,-1.073615729137567,-1.895045849947881,0.11698023402388695,-2.2428276216104335,-1.3221959660874487,-0.537193794013418,-0.8312858359510763,0.3964085022070677,0.30558019190248,0.8937987459354568,0.7523837327126781,1.1408127893613809,-0.0019184000090541567,0.3034669008166697,0.5115137019191913,0.1416566973910257,-0.3971943099170739,-0.3324425343397702,-0.8175583983299655,0.4216168299098296,-0.09401517408515554,-0.6631737506367649,-0.6622448193245927,-1.2103987277827886,0.9788413412371997,0.07861766953178756,-0.8628000195732701,0.8085477496020183,-0.560448809794373,-1.4065006270122327
1.121891133395799,-0.43642814538944685,-0.3082302460321233,0.1418488645258437,1.243258066966781,0.12070613504297789,-1.0984482819685641,0.6445458482888464,-0.3843208800850578,1.9885928157061323,-1.2736394806134248,-3.507555256514201,-0.9151547864598606,0.6720780336446939,0.303400529929855,0.5584345301410307,-2.292279943996998,-0.3603673626387558,-1.9945142983522461,-1.0482303591986102,-0.17504248142487167,0.4534541824321445,0.4216632499512455,1.996465227457477,1.8986290689845162,1.3747296766456816,-0.2525114707405247,0.7862705133651409,0.35179346437213477,1.9675857040093518,2.2219702126744005,2.100170945888099,0.28856594044019546,-1.6957477624322632,-0.7231765382728383,2.4654123379394246,0.6425304205373921,0.2930607415921035,2.68644565329345,2.308945305345543,0.02444872191978665,-0.2934030910639739,-0.13210121281312523,0.22716279838746606,1.600047281319608,0.4224674242372267,0.7260290330391413,1.1692701090701714,-1.169676001024419,0.7548618924740429,-0.29456875466161137,-2.516095195772766,-2.128169541985812,-1.0181176115186856,0.5312232285925814,0.11379956534029644,0.184366707175664,1.950943482686692,-1.2690896148598123,-0.027433354183723595,0.3044355228138156,-0.7362731165383355,0.028326745082940964,-1.599949334084345,1.4099062172750279,-0.6816145525304338,2.031400164778503,-0.03247432391745505,1.0280535653991831,-0.05330286899115438,-0.03074383226052982,-0.5840293332220078,0.11912392936627762,0.31799869441404743,-0.7842585089151799,-0.1250444158598842,-0.6100988660571137,2.2996640696148387,-0.08973076991161853,1.5452321516965593,-0.19562233080768832,0.25928764153490796,-1.3213640716452693,-0.44707259186786463,0.21053467078924676,1.5860038309598667,0.22198277767627117,1.3837203611929991,0.6407291102029202,1.6274013394646858,-0.059042217305055426,2.390222710651804,-0.485396202914123,-0.766461834197669,-1.2100528496890341,2.3310246715580702,0.8194475726178976,-0.33412073338030845,1.249022696873495,0.687692185117782,1.9661274713755903,-1.5478328327399113,-0.26536010831425455,-0.46252138394282544,-1.9736826764086015,1.060327204779694,-0.2703965558033584,0.7396312049865622,2.3597719343296117,-0.3532436918276083,-0.4211529826571552,0.11866416972399602,0.9872473529834096,-0.5667130253101499,-0.6309615971321306,1.0571892702413659,0.37863932383803556,-2.0447282630048207,-1.2253917994691081,1.5012358638272103
0.07435584106891852,-1.089768373047143,-0.49798209924487613,-0.3143357692082238,0.4081609182702698,-1.6858358368686834,-1.168521580680352,-0.05461668714650514,-0.42740702250534435,0.24428674062681588,-2.550728193551084,-0.9640921199201653,-0.2296371768140142,-0.834402249042203,-1.1821090564298944,-1.4171043987574572,-2.156071948962988,-1.393219388631275,-0.06151494331108043,-1.4402493027916117,-0.16676388582726254,0.23079301475576125,0.9238904007970777,0.3495261063403006,1.2083433865842883,1.245883864270178,1.6120232839257957,2.1465995757861807,1.7188988278935082,-0.21119896062681232,-1.684205116364279,-0.8564421462478313,-1.2318460270274214,-1.9189973967489498,-1.2223624639610011,-1.2551836034070458,-1.4525184095492127,-1.0964601559430125,0.39778018053032416,-0.5814326285387676,2.4718090760554694,0.17050818601964934,-0.29006577393725175,0.004132882654866092,0.25649197844354,0.43525395717106363,2.0767113258590237,-0.8453204649775686,0.8590460581777356,0.20775059761412384,-1.5710977425706176,0.7706987820947633,1.2676235608039048,-0.8571764037774298,-0.008933867891970693,-1.7253542620077036,-1.2588064596843365,1.0480295776172526,-0.4664165060074345,-1.1088029749380393,0.22946036445842968,-0.5224124314310232,-0.4708216577755361,0.7393260256749032,-1.1617333589343466,-0.9053652126818322,0.15407999214886864,0.9694097907482053,1.2381603014898497,-0.665061720361623,0.9373769669196479,-0.7841422934704089,1.8262093469068,-1.1337710254197284,1.328478810791731,-0.6564861068187239,2.0132464547946003,0.5913207288524843,-1.016016529408222,-0.5222384795425068,0.7811812052237417,1.0526444176155614,-0.07071559172446261,0.044658280963466405,0.7583530326440655,0.13179842701081995,-1.2935048593383758,-0.8129740246401806,0.23511994315166507,1.2154824164976936,1.6159824241620477,0.7795294207714503,0.28729076103636375,0.748813885982477,-0.6667508502068556,-0.15323096025821417,-0.8241307213394766,-1.2487426107077115,0.33354901163620493,0.1855133065847436,0.6876524845090128,0.5461118308924472,0.24264427132386202,0.5566166656775543,-0.04268309622747663,0.4128913952224006,-0.7261444026863596,0.3697059256391301,0.6684176852860094,-0.6696814280722031,0.05183209899284673,-0.6236025096293596,-0.5265066965161149,-1.1249293551021546,1.2657749251665555,1.0656851747200478,0.5374338542273371,1.972195951943814,-0.18924569656839169,3.0317624151106344
-1.1149191222456263,-0.6321963551263895,-1.2851676208226142,-0.5150641468221009,-0.05177477899616145,-1.00130609993549,0.8893301402352147,-0.6482404222489452,-0.6169043207722068,-1.7963874013961234,0.7582466371149881,0.20572034175523793,-0.26849216677268334,-0.43672684558376035,3.0115109423212885,0.07627031238556814,-1.1172378582166642,-0.358473897167969,0.28817972308838996,0.8864145951810884,-0.2846409470057326,-0.16282291695452067,-1.4842977753683757,-0.4989970252295006,-1.7154969328416245,-1.4590804517450577,-1.7571464432313055,-2.0278263233293154,0.22477202012696262,-0.1508257677521584,0.38950633668698387,-0.5478459672668498,0.1896486655740005,-2.348448437933691,0.27592848475420906,-0.41003920328611587,0.039950566858019565,-0.2071357342425329,-1.5742141878280327,-2.0851988086821924,-0.7120541661829632,0.5649172812729122,0.6900914151753954,-1.3679422773818628,-0.9810993674682146,-0.7232356859408393,-0.3573050602668157,-1.3620508308526522,-1.4220517661401326,-0.8218352964075539,0.08625383622500567,-1.1805943397534906,-0.11580350997176611,1.0585528161418154,-1.30177973741351,-0.20644575841053947,1.0247567337507726,-0.4182683903638093,-0.5736696908584189,1.1634958143064738,-0.30620207897154783,1.1044950252055679,0.4289653911271988,-0.34284465290983673,0.47969053059753036,0.3204495138460378,1.020882821002474,-0.5483455378650185,0.041206066781619685,-0.061515679604637406,0.7041481416397848,-1.0251791944441757,1.016977048237856,0.4663287721704166,-1.3169250736329463,1.2082628254805003,2.2340930807977313,1.0018339695494078,1.4269847672264693,0.0853713816025881,-1.66150491973851,-1.8441204511675249,0.25508204386775846,-0.59197880772998,-0.9145762783273513,-0.06274668396867535,0.6155852878612882,-1.4527575467621472,-0.4488776202803848,1.5098706831203152,-1.0752883802213746,0.8697611871649563,-0.4847307615489939,0.5457937598499527,1.0973275072028672,0.7412817669850216,0.9091596022138765,-1.1515935334079561,1.1136597067412988,-0.8526931146348199,0.2595417655715384,0.2582461869972269,0.48512255886958094,0.33695667606019053,-0.8438099785247232,-1.3498674122957162,0.8723486799617686,0.18583457751891555,1.1493768409578178,-0.04473293418786798,-1.4051643606769604,0.9661296810041061,-0.370370609661107,0.3420034574210212,-0.6474594284795192,1.6443017102336905,-0.8765648241831969,-0.33742975410617465,0.10744870269731638,-1.0921823270869582
0.06446898340490709,1.3458599322848022,-0.7565127058763985,0.12909227384903743,-3.0154859312212436,-0.3049797456675287,-0.5790928311088934,-1.084548147593073,0.8153999244458441,-0.5922942268065162,-0.8297066301292152,-1.0294220178246989,-2.5690450148007042,-1.7842155831125888,0.30886434308458854,-2.7621797899155993,-1.4185444926513333,-1.0519491993253915,1.0913927242559376,0.11637462246074126,-0.5595702418295312,1.3021139823391195,-0.7429155352775513,1.006700088957574,-1.3612769606994473,1.0708581170127256,-0.40853336024741727,-1.0309039557177013,-0.21954332785274566,0.2749444649437832,-1.6437399651759954,-0.5950380286549595,-1.7319854183143506,-0.5286191407189254,-0.7067694726136837,-1.2099145893582184,-1.5903738470162332,-0.9974507388850171,-0.598737791616584,0.9128076180813252,0.939420421798181,0.9759899498158413,3.0885121948602836,0.5159584767678441,0.4846435113117023,0.7040150743216541,-1.0089659775882531,-0.4439016364187562,-0.506169266692334,0.6476139772195617,-0.17417456222119868,0.1382234254743028,1.0874546201484645,0.8631507387041388,-0.16172100304124704,-0.6699950968782225,1.1352747316531886,0.7738911809098658,-1.6062568182953822,-0.3131539389082808,0.1655154620167624,0.7788297171210313,0.9101014949397712,0.2839060011754735,0.585247531358856,0.06413680237815363,-0.6738516881805606,-0.261264391041254,0.018991186640108272,-0.034679250018589874,-1.8855729044434706,-0.3974833349294312,0.05620565308915186,-0.281369991905701,-0.24682379551158573,0.4879913708045874,-1.0789571870486339,-1.6280422139512112,-0.3481697908366748,0.7641144055017897,1.6875530394866385,0.78212823909474,-1.4682637598688473,-0.23236723937677117,0.2566343810815294,0.1775911169235922,0.539304552942874,-0.9170489464607607,0.06494308755074261,0.420322829776129,0.8256709533036595,-0.805718166612792,-0.345156867242898,-2.7038176800733402,-0.6214619675777742,-0.524414892971043,-1.019584508167443,0.1656121502326517,-0.05594543204526823,-2.2592138775776114,0.21550796930175647,-0.9283241307890274,0.48568895919051513,-1.2818512477286654,0.03000653853094012,-0.2831633288865059,0.30310188495033036,0.12469727765134685,-0.25516417502145444,-1.5362723140442447,-1.4772079634610316,-0.583886939092219,-0.00827988392958697,-0.608247947199117,0.6252119305794656,-0.2792209192116837,-0.9650127247795103,-0.27809629298790933,0.22585983631655238,0.3248847188245844
2.1500532305972766,-0.3972352413992721,0.19819543701374692,0.6977980454235737,0.248251139403332,-0.22894404738450586,-1.2775830777400963,-0.23916046044886824,-0.8020283141136537,-1.454932582519631,-0.5540459175903273,-0.8054587966861954,0.8254194693732073,0.8427247614945529,-0.6622463655006157,-0.018595706482861935,-1.6166097380322761,-0.2527070261024349,0.6406148247826048,1.066570813694362,0.10255856646974537,1.867460508688579,-0.7000862733524125,-0.43202215098273333,1.5252675137989353,2.4867268767243065,1.3090376363447547,0.7752632616270467,-1.3795780983611494,-1.2068414078824201,1.7537079295031521,1.2662357230361085,0.5184632104551652,1.6898309734373338,1.7394297601150928,2.568714261147556,1.7609006756199839,2.8526927609416677,1.6322924221560966,1.508963397799947,1.0643121862471823,-0.9784408800414345,2.8144474532661614,0.3752574781667358,0.3808292528376731,0.5250959739725976,1.8771364753316424,0.7925074116726066,-1.6050559790039236,1.4034703847675043,-0.3408965794450173,0.10715507283932346,-1.2792539721752665,0.5262020181238957,-0.6513742900675522,0.10016963799347375,-0.284099005360783,1.9250128017358519,1.9822603001455896,0.046513170214741384,0.06397771136885474,-0.37344296634951507,1.1060062915027862,-0.32891987033337716,-0.4213372746456993,0.9785928636649645,-0.5382990953166494,-0.03775503444853058,-1.5813107815109928,0.7041903451231669,1.9408669391818687,0.7212253727997919,1.461799167547305,-0.8461021361773309,0.2363242820282007,-0.9431599243693896,-0.22776554558134285,0.7722114773525048,0.10182061310329862,-1.4126410226012216,-1.3150291055377534,-1.3811639314907738,0.4914525899395903,2.0638945356566682,1.3624582440002129,-1.8959851991460643,1.421075938069784,0.9364004170146472,-1.5452999455287577,-0.3032016167104975,1.0955224114958095,0.5504335109347853,-1.3090950523879856,0.6107421557961942,-2.1375005960805877,-0.22282217575721136,1.1379567694000488,0.018394215571319834,-0.4989375499619459,0.8893462537723492,0.9747518150865815,1.3100396928669502,0.8743424284463873,1.0813747939371465,0.7329085574375346,0.26552864911647195,0.08950899976381409,-0.237259719097402,-1.2123682930597257,-0.9553115088198088,-0.28201448193520967,0.2414521596024293,1.4408125980042632,-0.04179722787551253,1.003476290877664,1.0793156564321207,-0.231446797688791,0.5946902113701839,-0.2435280417248615,1.3221358940784769
0.4933605648102255,-1.332966528144062,0.019041878698140058,1.505629388368173,-0.32371380800240784,0.3052322566393615,0.40339606428343855,-1.179105672620307,0.3682251757578072,-1.5363179254903323,-0.0008788439140453574,1.7004682299815426,0.9815015527957087,0.32026745474082374,1.0712062837325382,0.5646530147322193,0.637323764839184,1.2815637892074885,-0.10262247817178116,0.6650816680420414,0.023092292025831518,-1.2502428879677712,-0.5850952696168153,1.9035669336963166,0.7200838012177184,-0.9882278147689048,-1.2049938892159262,0.22319658652190047,1.8965470198089667,0.14860235182813178,1.5507351527014774,0.5956663701161189,0.7149860571433551,-1.091984910007108,1.181258521047219,-0.09119643797614574,1.1068280529083698,-0.5704343826886515,0.420784946807374,0.595738553235093,-0.15403331657586652,0.4045451930861567,-0.26639707519250877,-0.6490597530412794,1.6054833827939645,1.0489528663614422,-0.7608647450481768,0.5684443055946129,-0.742678854701153,-1.1846846436623242,1.0338094413989762,-1.7040996256474057,0.9268559135765412,-0.2527223125730585,-0.21154660308052864,0.4097512196232897,0.5811988119942524,-0.8263431768289082,0.7177256087500634,0.1133705380252234,-1.2560547928680381,-0.1698744835797392,1.3812790155589258,1.6765947982456966,0.7173484576086773,-1.19034348816837,0.4906069024558882,0.8508609038591928,0.7257079833187221,0.7849542886879182,0.3632630792475308,-0.0724123388305437,-0.6083674959040184,-1.8979355185014963,0.33964176671335083,0.18605284365218855,0.5575758428248162,-1.3375436932928941,0.6450166893150603,2.054545094620777,0.07845013077791134,-0.06166531920654083,0.309002356085701,2.032337024710338,-1.023647761699891,0.20320693339390494,-0.7996574222976441,-0.547004720844995,-0.04959030788193934,1.3473232416135588,1.8009906006887368,0.4481421446267063,-0.3765947230234853,2.4927388666385184,-0.4275544813295202,-0.5711359143597373,-1.7749430445787269,1.3960915692447435,0.968245592371294,2.417805536116446,-1.3895233522181258,1.4581708074791095,0.07013551836612739,0.8061002168001363,-1.647777141104471,1.4680818226652972,0.7865167513318304,-0.038910034786217525,0.6451126876611214,-0.7654953010422492,-0.5794400855816993,-0.46344461362539624,-1.852727861690278,0.8617584942033671,1.1915936141825663,-0.7013441497638416,0.3482030159448188,-0.2655404746292363,0.3282739620810305,-0.6275772412110292
-2.014232034686184,-0.07873199257480556,-1.1946774637230406,0.8913020722549276,-1.084496913804408,-2.0568849189490406,0.09613399783739074,-0.5000067144525283,-0.40393401490212455,0.059793800269370534,-1.669558563770242,-1.144015578909735,-1.1882121014122407,-2.3075088068400658,-1.280352420082691,0.3196171879523768,-0.7794241661306004,-2.3628235977694354,-2.5726016815893824,0.648013788823824,0.028259466691652732,-0.5288317287548346,-0.15541328795022039,-1.3587292773705493,1.5416736264584026,-0.27447446063924685,1.4859800046852047,0.17023019139409787,1.5481104515152226,0.3752729759898681,1.237074518910338,1.1029349021295989,1.0071329222932328,0.7317763332239728,0.1509911399256773,2.2992765476141224,-0.5230951290546385,0.38814949838442186,0.39872773124885763,0.7862826093847837,-0.4294726458945011,0.31474630558958777,-0.16884258520296613,-1.5819525174378992,0.009552286256846456,-1.1005653330301517,-1.734385762448901,0.13687332068938496,0.48788334201956646,0.5266980421045764,0.5671707070196942,-1.9325890209406105,-1.3610169279074695,1.9735214368136709,-1.0472087600770361,0.6108410311366891,-0.686937621665846,0.07967273926756446,-0.6332542022735941,0.5615411546196448,0.13677411731669906,-0.4482897736442336,-1.0501721196807103,0.2677741974925111,-1.21271879904259,0.4274810421208385,2.6264849090369,1.350170051262012,0.7183478868941628,-0.08560729774114767,-1.9387526270035254,-1.3222863959001843,1.2827928561027135,-0.7897560801247798,-0.6992520981640467,-0.16565047568402144,-1.0620462588465547,-1.2267687345516363,-0.050474072781421825,-0.8915294546720363,-0.7410185797788948,-0.781191026147006,0.5223602138344686,-0.23212569049535728,-0.17857196789385368,0.5969458973088833,-0.14203960823294015,-0.27825376845717287,0.47045035557017084,0.668197843557631,-0.14707349950860418,0.0806077756205216,-0.781790229733328,-0.8606830431645255,0.7691475019668077,0.4449420625446217,0.4552984384165761,0.28085434872552223,0.04620327581495357,0.6964118908227692,0.9351087610227838,0.9112280051906476,-0.10077791594598683,1.386992729908838,0.22846068173232117,0.6323761925657985,0.28208789083487973,0.2470067074841741,-0.7357519902503197,0.701350838344826,2.845294394907639,-0.3747950747900833,0.07099471542494816,-0.4462052643472624,-0.48801990156193453,1.5444494781186728,-0.6729710177274647,-0.4740804733663613,-1.5874928237313013,-0.7576117245422473
-0.9171481958529162,1.4230563963123604,3.590948918937741,0.4245729034499094,-0.8755062358898058,1.6912513615301648,0.06432673817027468,2.090598627653972,0.5092226493104868,0.1594360080176508,-1.3071873594066346,-0.3714530427247609,-1.3566504344166046,-1.6259545064546534,-1.32806140663982,-2.4010849881618332,-0.7321982013669679,-2.915956397505858,-1.5733512580264635,-0.3698445948302048,1.1791715479827944,1.466443838036468,0.8110775923312685,2.0458694460355944,1.8008224618198696,1.3222642692977522,1.8036690423636208,1.6265468194536545,0.4366597517031874,-0.4677756466412559,-0.6518045821822149,-0.52607747719341,0.0183052831137267,-2.008487983070132,-1.978597767302002,-0.6122664417170683,-1.1433336968779253,-2.957928318595967,-0.697058544270648,-2.9245896230137935,-0.9452565518733762,1.3516813728601071,1.8248790178071153,-1.2156563684719617,-0.3293915374126943,0.04262252307870598,1.781226927581568,-0.49286894782440155,-0.4768840230332781,1.5487255584628619,-0.374789152718258,0.7222017089664575,-1.4771429651124275,-0.17123274409232622,-1.6595968383264046,-1.0554337809557044,0.8392013551522634,-0.04990539108671263,-0.31910574055297464,-0.7487496239809176,-0.22065607324128275,0.30111316710069364,0.9829162064617618,-2.6251466840968023,-0.8317611742628097,0.15909624218900573,-0.09886311596228586,0.403376242526725,0.26754028612655384,-0.30486786299340723,-0.5268531959871771,-0.2455014897355009,1.1487423498227427,-0.7320079329057144,-0.06280672314395548,0.18334221399842102,1.560350929874458,-0.30030825823631324,0.9588066560109609,1.2319794032650222,-0.06375426499064825,-0.2107189790767625,-0.3290536720482161,-0.25582313424258235,0.8542398605768328,0.2310099772555139,0.2352897091698694,-1.125223510379835,-0.9674900773752345,2.14344682477698,-0.1778257252886896,-0.7747719955783602,1.4310991655892973,0.2818085486835521,0.5781549168645216,-0.1380470752815336,-0.31867309057680415,-0.16958637249729036,-1.3827381702986268,-0.08792740941989748,0.29603307704261733,1.8504632338437539,0.0859990650052155,-2.334177042210305,-0.09398543278462142,2.739504133108306,0.8663662349850397,-0.8108889438085887,0.5911065144305567,-0.7420134248897403,-1.3538075195468575,-0.3483693632340722,0.09152643923886121,-1.8721555024333958,-1.1491592905386359,0.010335563182354726,-0.40817317598895414,0.39481127114609077,-1.2146683273085614,0.7141137485533007
-3.3748082466148617,-0.548314847617037,-3.9068074339329835,-3.2836034199380792,-1.7736783465228376,-0.5268158980570288,-1.8760061134384962,-1.6281912293722758,-2.1735122478816082,-3.2174476036698603,0.849406997676857,0.12763562593495958,0.06083537813936468,1.7412942652359829,0.2163673638282746,1.6590993526395976,0.03772259369513864,1.6359283660329909,0.8508627769532737,2.746160879566881,-0.2608510845819114,0.6512129128331651,-1.340216696586169,-0.5284266399168092,-1.5656571382772548,-0.9981752229053945,-0.8466742029056055,-1.3104282008481156,-1.8000728390066714,-1.9980873038136293,-2.3406841069128967,-1.0572824547089577,0.6265579054663448,-1.5994345232187828,-1.3690588374588049,1.7899625800274153,-0.6374320410537537,0.3201100179593361,0.641381155294995,0.6615901385757805,-1.5223142306080597,-0.23105967989949022,-1.6182272695183921,2.4463178589103234,-1.5948752640156,-1.0478402188698202,-1.0406008548415047,-1.4966604767228804,1.3525939097565454,2.422447901083496,-0.4757491193126174,-1.32042314684441,-2.236925498726021,-0.24410871852210148,-0.31636542316144384,-0.6512961263601446,0.2213752539762284,0.3951731428154863,0.32308325793790066,-0.3161248719684872,-1.101621829574262,0.6658330978067158,0.012513759421530454,0.8883575248346502,0.7900755494722314,-1.4217620690471156,-1.4342222074576032,-0.7555407187405284,-1.056265408290668,0.7552517759761007,0.35130967598791774,1.0991839937853107,0.3964868174109183,0.20864958187336902,1.1997297803441704,0.4697273397350485,0.0681009634377188,1.4804530339306854,0.11518088315279006,-0.30434060491792164,-0.8378232587776496,0.7030254590454112,1.2370505418424689,-0.05058740143343007,1.3079156237798386,-1.970015031971576,-0.0554533748079148,-0.04009491210443619,-0.726994372407347,2.383861037981873,-0.06619263268876116,-0.4077307716044333,0.02596211343350502,-2.0028137385258296,-0.7598679253449151,0.9832399694454041,-0.6289453549327747,-0.8288751628002715,1.3095256365144003,1.340254400951829,0.5169904721611418,-0.4551173340386673,-0.23947106511632352,-0.804149961574959,-0.9947731190286448,-1.0444164883084324,-0.6180544067852075,-1.034720990684745,-1.563705118543149,0.21940266975390574,0.23459558089343707,1.7007927584283167,-0.6683383683547026,0.29610058962327057,0.31271257927480167,-0.2538375611255331,0.7443335887496761,0.7752291868507144,0.32741109519753997,-0.25563970504779554
-0.7146222325772833,-1.7248460228198075,-1.16300990264044,-0.979099647924436,-1.4810638864521823,0.08283184266491606,0.8395357449642618,-1.2651545563518982,-0.07365068827811105,-1.3912032635524585,-0.023665544569194896,-0.4090729528078086,0.8831522749764087,-0.39753154747221103,1.292917040076614,0.03553585270776821,-0.3683470832248636,-0.9720486359751959,0.534461136665317,1.1764750285961474,0.29826401546857717,2.263774425346127,1.4547302114021212,-0.28258500578531265,-0.2930846748753663,0.49463947841705613,-0.8130764214939822,1.1912310654641898,0.38654328077528666,0.28140166979023573,1.0943520553012847,2.130228270899527,0.5783537397179734,0.2943580166590839,1.9161180108530467,1.3749488035216035,0.08641854714674596,0.4125848361894883,0.6027793034692668,0.7692113321354511,-1.356599850939114,-1.5424846078015602,-0.8873900220024538,-0.9647384430113423,-0.6438240139725026,0.6347106420900043,-0.16892915632473834,0.19639460501018827,-1.2243034100422616,-0.46164220292094515,0.5872576617448404,0.5949524581768018,-0.7245738281879079,0.1616623863795536,2.198847853482332,-0.017597929255638137,-0.6931869461424454,-0.17376238936216024,0.09217710752683304,-0.1511683806905494,-0.03135470067650179,-1.4434467969368396,-0.9626304750859512,-0.14933523707149754,-0.1652679700224367,-0.5661892748600006,-0.17701358607643694,0.06101485541420536,0.8894134565245253,-0.09921173522605088,0.3991032052982532,-0.541600301433921,0.5720957235984819,0.3757302976123567,0.8658170031798195,0.7134604624444878,0.5887356228811461,-0.09841740865778026,0.24493922704446816,1.0635089284515264,-0.6520745694027944,-0.6284077786968656,0.18143139795036198,0.41527969026545347,-0.8241064992640045,-0.07476256341330836,-0.09399877422878479,-2.2152801156034707,-0.21959398925875973,-0.1573178328484663,-0.16029294282301915,1.4159142745772682,-1.2157982985088753,-0.8246225712046127,-2.612195798319334,-0.4809166661741407,-0.39564355412600094,-0.5099771763342562,1.10767733948376,0.8606175223369632,0.07785672426730414,-0.37061305353986224,1.0261896681068639,-0.01975785983585163,-0.8182700389184578,-1.7162486774845516,-0.44131449389568267,0.7546436171726086,2.2765386895430897,0.06161034618947592,-0.7653555151203043,-1.184965208284214,0.5519548963055988,-1.7646160523842684,0.5503451014048882,0.8177116062629123,0.43627945323286405,-0.21966167193855743,0.5649406535468146,0.17093837112829996
-1.2742826055037244,1.3542535587318931,-0.847838143253649,0.2795935368067767,-2.9147730463388473,0.7803121191377963,0.9726049810114491,-0.4663249765164945,0.06261227109462575,0.06235641796443003,-0.978176094979341,0.21172978010072352,-1.1440229952111722,-0.9441494489839428,0.791550617873682,0.639265165361586,-1.0417680274544092,-1.0689688688396575,-0.9809891277962889,0.39724704112687403,-1.0142636914443104,0.3424337284020393,0.7325679000003813,-0.10252436092701342,0.9957847862310144,-0.31858908012370574,-0.22813451162782772,-0.9915251417657698,1.0028984369862919,-0.7807993576127836,0.14756566528751922,-0.2735222195534748,-1.2549892155392026,-0.8113092962508608,1.180666086613194,-0.0005486097930594847,-1.211356493794382,0.10312213492115183,-0.3483201840220851,3.2518402498166417,0.2851238413422724,-0.3806248470663645,1.4200279177871042,-1.8410361672928455,0.09432015638109745,1.9944284946810726,-0.11619928435975406,-1.7333010446480788,-0.39591796441059773,1.4545180409590368,0.37606959632077114,-0.8388561095125178,-0.685242807179024,-0.5597002711498134,0.36119788405399617,1.3381961329386531,1.052423012799171,0.45601218210912847,-1.3316447600574832,-1.3279325139934413,0.5332520212137634,-1.3454710979328943,-0.22556702106860427,0.304150446186177,-1.1375939953626888,-1.0242623343588635,-0.09412106456781866,0.5036502875240538,1.0615187704137568,0.6070534347705518,0.07365659499219453,-0.7461947535570493,-1.0709069958445192,-0.5108770883291476,0.40993558498056715,0.33662370662734287,-2.0999019857251224,-0.785677028267503,1.2045075516061559,0.07921504780413943,-1.417008913102986,2.3558211815981513,-0.028941732314764643,0.38433395931340797,0.3995247560451345,-0.36759546616018607,-0.7275736818213943,2.1216749850659404,1.0032058696177506,0.8219372011086765,0.5762891917182107,-1.0033173903616845,1.2775301917402737,-0.8431326580117493,0.2832867981506457,-1.6393899054645689,-2.0408588506475196,0.3182912026531147,-0.8090992671949081,-1.9891675712972732,0.5406095029470755,2.120080771050789,1.3895602585800617,-0.2573178852656725,0.00884530669694572,0.8877062567839132,1.1221280198349068,-0.3435357188256987,0.034177715724574294,0.30061480676453645,0.5538763202788318,-0.13307644201126692,-0.12008524506874427,1.3798323297543882,1.2095207024428862,0.4774105734360883,1.7191090700229286,-0.386445762226417,1.6229734486293805,0.5425154435355505
3.3895692245117215,-1.0739388244853458,-0.5708021499202096,0.5373409304976795,0.5157771552761238,2.0686820864721502,-0.5498315810024019,1.0234616209910161,1.2810061069791276,0.8231909345177795,-1.708148704041331,0.6606064431371872,0.4821725691984029,-0.14756784232663345,-0.5428046749080567,-0.5210443520726395,-0.8258881543563886,-0.10636722786436903,-0.7160175091720333,-1.595677337469652,-1.2668012829644262,-0.9702458917891261,0.003922604412617714,-0.24516547457204138,-0.002865844848084831,0.282603495409277,-0.845530564053713,1.2474505302085137,-0.4859204651843084,-0.651636622918343,1.342950737193568,-0.9759457025139571,0.07003005013819641,1.8416372985529486,-0.876857429200995,1.9781386967942716,2.3717010662202505,0.4911091620373674,1.1523772672874257,1.9796515847121423,-0.4667891880435197,0.8677755205261815,-0.6711487951306716,-0.47760229333317933,-0.7993364643249737,0.3426471991948034,1.1579690525655495,-0.18411293211716429,-1.2712491599124032,-1.0827068222868157,0.3945994213705404,1.8441164133942693,0.39372499931439753,-0.38689655065125267,0.7661839668502841,-0.23949863558674636,-0.3782852173642064,-0.9584591056952636,1.4084488442463559,-2.5392079174956637,0.7978592002792693,-0.4637449377975369,-0.4103407314516127,1.6923151561178125,-0.7141310922000513,-0.6800691540284102,-0.13039423891953036,0.41384738581223823,-0.4418557822928694,-1.5738589305358854,-0.8656981808817654,1.2813338564645194,0.07477678913551145,0.45108728370382206,-0.2614212071730376,-0.6594976961732696,1.677569449875411,-0.18819185705108066,-0.44336987952712686,1.0961423663553396,-0.7223603588673853,-0.5947273437739967,0.010246684016898003,0.00027010408817970173,0.2596113479032144,2.091669089395488,0.33624824635237044,-2.3780539627508004,0.3262989434315609,0.03787999448959883,0.04345002435145766,0.2459473093961707,-0.028678287674799376,-0.052612093055389005,0.6130442097707861,-0.542080797194501,-0.9476863356391756,3.023781452622391,-0.7158574437812334,0.10014291246007646,-1.4956602508753674,0.11646841505142191,-0.9332255506893351,-0.44247294285001093,1.0450646657711238,0.47200956837807373,0.5684095245748191,-1.7712048383918628,1.8368951698290128,-1.191881310941875,1.528560814293865,1.0215438659814862,0.5773327417846801,-0.8549847809083815,0.15158984481952292,-0.4709214106448598,0.029039571505291815,-0.24987225908555988,-2.0386105065724083,1.121784150984588
0.3682222896928272,-0.03547095326004862,-0.1109977865875793,0.8077890226089566,-0.4444268920522838,-1.805846112231855,0.8564592494504646,0.9684324441990101,0.2496976215645555,-0.6985734289478205,-0.31941713823653833,-1.8728850474394123,-1.435583275813483,-1.159050615629985,0.4355863917657324,-0.7709636295627408,-0.8562190909022842,1.5463398362854226,-0.05589018193710976,-0.06935816865099764,-0.6815451543453765,-0.9082160767733795,-2.4982508491537523,0.6568961227869565,0.1364652966197774,-0.49101040235001503,-0.44907111097285746,0.4242998531244534,-1.8665544822164548,-0.9017257406904072,0.7131620376217334,3.6209741830010103,2.7251204323675644,-0.3532277406211004,0.3357032738742882,1.7171192271567775,1.3770246884418391,0.5250826924373755,3.794227138164753,2.162004814496843,0.4748163228630915,-0.6920149492322138,0.7222741471780024,-0.3804327609820118,-0.2833431737074994,0.6110019598252598,-1.6289975650602997,1.5970278598509826,0.1823892147238758,1.2809442087804244,-1.0754197566188184,-0.9231651240281931,-1.1619002215998122,0.2502976726648389,0.06598330191824608,-0.4644118192311805,-1.0140691928852794,-1.2665962697308424,-0.04848390047065598,-0.4655867795886001,-0.6856069923582623,1.5470894861316096,-0.08232567819273391,1.2700429339269252,-0.5332521826826966,0.24477628379865687,-0.055476016256334894,-1.6976223095181227,1.4283383062639128,-0.13515360703241588,0.7464182196329605,-0.7520287224615594,-0.16484438157976464,-0.8668523599233547,1.2359984827633934,0.3114093474506757,0.36705352668088814,1.358184147104979,1.156341296899023,0.7653425361362853,-1.4217273470374627,-0.6956791195166836,-1.0038881360113527,0.7275336936257992,0.1706519417500514,-1.3905124336305947,-0.18874421301122754,-1.4941123357187784,-0.05315648806975988,-1.6553725039871847,0.5288274933846129,0.37796262603407355,1.9079484933468815,0.8478732894973424,-0.42291425582250275,0.818070093274486,-1.3976638809451785,-0.9624726036810854,0.33314253207511,-2.1582496627479273,-0.037160784933883036,-1.0202632921184207,0.10130705515326355,-1.0777363580472634,0.42424813745518875,0.01932742366738962,1.4003659168813305,0.006734534101622121,-0.7686428049614663,-0.2468858558272829,-1.3442363970167315,0.40613725470544,0.5898502463152723,2.469196036692818,-0.6218359906044048,-0.2677945736751827,-0.5757585244382156,0.21211370113122407,0.38169053447961365,-0.05337484442851077
1.9877377634818605,0.28443234285405083,1.8875858944995403,1.4399097002499108,0.8893819267098818,0.5864752058516829,3.3280796053401978,0.08440319586674894,1.199345023577243,0.1511927763666958,0.8331628797306576,-0.06563154009144456,-1.6308077477317924,-0.4398628754594198,-0.6947621476140928,-1.4690826308653868,-0.19429365166247492,-0.563152477786238,-0.7367591550046959,-0.994377580132977,0.48934908286244383,0.287682251755252,0.11738792328780993,-0.5827213257247709,1.752060831025285,-0.9921253530857544,0.4859308091425376,-0.2619461520386403,1.8178418597120922,-0.845187946961048,-1.4929135234354936,-1.7274683249369867,-0.4341852107245512,-2.130700921243803,-1.2361787564329276,-2.9100160845294463,-0.517228907547071,-1.2578651204314242,-2.2457070056070148,0.32795914129889714,-1.3076668983849393,0.7969436900282153,-0.7010408239878044,1.601571377895426,0.7495505389261462,-1.0080478708740281,-0.9170825522103063,0.60552520522431,-0.2623781307101668,-0.16934250702136555,1.2722388617720979,-0.7486888733699565,0.09129377217545448,0.954627793652306,0.8091174883856003,-0.1596126675206725,-0.2889058808526582,-1.7388154625209316,-1.0562449926651958,0.3183592265747336,-0.1378821889422362,0.07492707856622638,1.0392536096340605,-1.1873231090622745,-0.23618030223264996,0.1887109634112177,-0.704159937574516,1.431477113927417,0.9085868016131475,0.2901333270887555,1.7942317793285865,-1.4988952796101422,-0.007726281105681772,0.36633696893406104,-0.9145550467939221,0.30071454181772833,-1.106582493787878,0.6905573182742532,1.0578347681289066,0.2723334011283283,-1.8527978150649458,-0.9667935211660346,0.5647100032131608,0.021198643512365802,-2.694002617692488,1.2428303838682404,0.13665650625383235,-0.819074664000045,0.9949555975666642,-0.6775400129068989,-0.6884521176042147,0.3583526510140362,1.7810384592422948,1.6235871779728863,0.35971149890410664,0.46238565885031974,0.791498932084825,-1.256983675369349,0.6441483371519825,-0.7340734681435281,0.3184780667965807,-0.22746762760733732,0.5012083271142144,0.1181034650064601,-3.0730302708212998,0.17889171170518062,0.6421529522992627,0.4459283483384537,-0.10258594620857964,1.642161691930406,0.3113731291216611,0.4376733001931063,1.0444918940505687,0.3625929996965988,-0.8980177534142035,-2.4383374137796223,-0.47712090201808144,0.7609455258811165,-0.35309633141780583,0.8011783722817295
-0.4211957227614552,0.7181421715804565,-0.8651406058023894,-0.10230907211404017,-0.06403883414636902,0.9316779739494648,-2.276561205016006,-1.0283321732348858,0.27859220670677565,0.9759725810969199,0.9468012519145527,0.41402557485098535,1.463848107946917,1.5754324145041552,0.3470680606051651,1.0370370514500185,1.8872570016844417,2.597188732546924,1.4493346985077642,0.7508686359380654,-0.026549179249486174,0.584922553982045,-0.08814684569102814,0.21716649581081027,-1.0303502677424528,1.324583193279581,-1.1126587303602564,-0.40458576366459054,0.12511925764023585,2.0185128766770606,-1.2403527816336848,-1.4836856107417538,-1.3684867141151513,0.841227370829955,-3.6300167902873786,-1.8204078089299442,1.9136189123781944,-0.22678772328972052,-1.9236547461205773,-0.8595877789561289,0.06745456606786167,0.8461252459056059,1.8395020028225635,0.38855168127921547,-0.5397883030129608,0.7870844420982043,-0.6982526968628611,-1.0333374959890294,-1.759908871956445,-1.5651283945004009,-0.8964451561242719,-1.177789767700871,0.31323652737471736,-1.1994018258240353,-3.143666302024744,-1.0439117745894657,-0.47185964772141936,-0.6054494878719654,1.5195246793091843,-0.6135425592891501,0.8809234631991979,-0.01898259968086171,-0.042304725672598735,-0.835380288848037,-0.058782651580767155,-0.7650961268974169,0.1700243142545705,-0.2362496326236882,-0.9446279331916002,0.9918943397005953,0.42684048002142533,-0.44806273414224823,0.14549304703531002,-0.08382252150196365,-0.8675909372632739,0.07049622902116384,-0.6210117548073745,-0.9449338356200992,-1.6227673302665249,-0.3586073535386307,0.5669706595837234,-0.6946593533788596,2.5207086921579696,0.8856856536527323,1.3043301326604781,0.7952430120737586,1.8528649749385728,-0.7870019834725421,-2.5607373856586215,-0.44612560835288306,0.5582185755475376,0.15151697174797846,0.2754726109677837,1.3209100026698724,0.3820575744624996,0.7989129275910215,-0.9395627418527589,-1.0953936892160367,1.6141139230244876,0.10090153514706786,-0.6232291834461349,-0.6213944935471182,-0.6491231216382576,-0.7089590210458417,-1.2831478026036598,-1.5004204022205085,-0.19500437765441916,-0.5929258703203995,1.1071592854432952,0.29307665326691656,0.2653176800779831,-0.7431204075544506,-0.1210284157799757,0.36100110363144033,0.7161957397126754,-0.09389182651836551,1.079123779324209,0.007989308907942713,0.7928471185176799,-0.4898522085891503
-1.3433224967018562,0.7376248578853081,1.194589933013411,1.044613201674355,0.8914525313042254,0.12067890391179814,-0.3374803815788069,1.020994138910566,0.8957132860650605,-0.09163322097704085,0.4880232663070001,-1.5042664374326573,-1.204924301676097,1.0150242894566082,0.2471810148488559,-0.9794102287760793,-0.33402021324150627,-0.46660867836121844,-3.367014787862435,-1.5278748723584386,-0.8895887311369022,-1.1953535905869268,-0.5916395491972001,0.29074019892029923,-1.160277898681548,-1.8963969101504854,-0.5138904555165754,-1.1653654475954243,-0.9948056148495233,-1.1305158331806993,1.5396329475881245,-2.9429091134208063,-1.0905387555555075,-0.7058938780712534,-1.4833473447056402,0.1976209797054217,0.11105282629677804,-0.7499594709114019,-0.9728786077665554,-0.8141616866545084,-0.10478665364781072,-0.07837302812576266,-0.1879991015167995,0.2524493145923928,0.7532120648278651,-1.2302601475985768,-1.050663899233149,-1.7485180294835236,0.8663974003575995,0.25032329319046315,0.5052675159327706,-1.4294982383634685,1.7849481228801383,-0.6088509081453577,0.16820580711125588,0.8543846606783719,-0.9869797557960719,-0.5463243585126668,0.17917177460087425,2.857473075464706,0.3011247428520243,1.6063611506307183,1.2056731451919556,0.36801003649451874,-0.9891957716306787,1.059753610818235,-1.498110341648047,1.600875123677092,0.2000053082182553,-2.650223547298176,-0.34050609503183893,0.6539478209229405,-0.2370238730397667,0.7150058109935733,-0.8500241677122955,-1.3059823727876074,-0.07144540304760538,0.031565667289914785,-0.3483843510623214,1.2272911466421925,-0.8502073751390576,0.31316560733234944,0.06796997116362523,-1.5567159521360834,-1.3190301836685123,0.011911016248631409,1.981199998686964,0.579269811898811,-1.7256348251446327,-3.1104880651193376,0.7330535930043798,-0.09621348292819902,1.1412659695103695,-0.8807179207114415,0.3502124978585262,0.8461734630278627,-0.44746363820648183,-0.4260855702310654,0.025262831098390486,0.5426763465603288,-0.014334004511910938,0.9739963377594865,-0.46193518926703,-1.3283952054631096,1.9769753681131799,-0.6046337365424463,-0.5684420837177473,-0.06580332107218435,0.06718110965398118,-0.38668364248828285,-0.01743389694900904,-0.03976223142817396,0.17481932702080696,-2.357487458987316,1.8808763070078494,-0.14728831353455754,0.5806226194469853,-1.3781013415340242,-0.4710002612492502,-0.6723158663204145
1.6263784748137142,-0.42915889653071393,0.9147346972452601,-0.4937657423680263,-0.2959642293487752,-0.08889545489551706,1.4404998371344693,-1.7331979487249496,-1.1590088449692637,-1.7906504553846478,-0.2126744491884366,0.06322761938090649,-0.7396535835173753,0.14067992395834472,-1.1398868103604012,-0.14316105319466754,2.075248070483214,1.2784157408541166,1.0622953427455415,-0.1279508857061008,-0.8946482311243661,-0.49771934761392267,0.5982269010243431,1.5096135076470263,1.5438041450556783,1.272049090403691,-0.09612013614758619,0.665986560324346,0.3200941978831121,0.44024696442560773,3.3220872249730053,-0.47704090899041995,1.0502825120909316,2.4967082352093493,-0.18093216702034565,0.6412119027469422,0.755920830445553,1.0616696059592081,-0.31099783159302463,1.880245388351232,0.6662872825131441,0.5083753250179477,-0.8703736742910814,0.08651079078729512,-0.8994402395690875,-0.3325966607715127,2.153467927170878,0.09569537759625597,-1.1875265759871734,0.18033534066391385,-1.3517959260633097,-1.1990103925150117,-1.041123135948791,-0.4443094521956835,0.9369689955892015,0.5783981980168391,0.5229953282473283,-1.0989245655905424,-0.5413143554356487,0.27200110688318835,-0.6283199853884129,-0.2783664403010984,0.4413586925299495,-0.348772681201302,0.22605958910202525,1.5927284560195685,-0.17185879898699755,1.1793378097192062,0.5593700673073582,-1.4672419934867666,-1.1021370292635242,-0.8335958830698964,-0.8548349169327834,-0.0902897461068142,0.6146440480818223,1.2551584167047227,0.30817508872508226,-0.4456795560532098,-2.0822412436298743,0.07058957541733794,0.025770193694991287,0.18292875353895768,2.1062402977033328,1.2405965461930721,0.7850609182499858,-0.9620771300715998,-0.5129947491967435,-0.09484460692850216,-0.7754071240103536,0.5004645249851181,0.35690884921570454,-1.0883077930546925,1.1968167090961244,0.1023103338088603,-1.7290711467422513,-0.051342858344969454,0.28120645592290483,0.9727923614357405,-0.3374764031266163,0.8279382674472072,0.1871419867702157,-1.3150546090375794,-1.4151667734825137,1.1225598701493487,1.195984178381769,0.32290923040472297,1.4957067211800286,1.0566098490416067,0.6836287294797211,-0.9113114887336718,1.7314287510323434,0.536301432208273,-0.38583877461162164,-0.668270005305298,0.2567837815138569,-1.6710590848384548,0.6996732753528626,-0.9535708146940268,0.37060810882428674,-0.5216203373581595
